Project;Release;Commit;NS;ND;NF;Entropy;LA;LD;LT;FIX;NDEV;AGE;NUC;EXP;REXP;SEXP;Actual_Defective
BOOKKEEPER;1;92e69b331797ea6a4eb4d46b668360e6c7bb9bd4;1;1;2;1.0;0;0;377;YES;3;2;141;47;46.0;47;NO
BOOKKEEPER;1;544f4b5c0480bb383134fe6e26c2fe0e0a6c8b11;2;2;5;20.890.038.287.775.900;1;2;762;NO;3;11;129;43;42.0;43;NO
BOOKKEEPER;1;da088187d80bf0b935aad14c1a4aa73e4920378f;1;2;2;0.0;95;0;466;YES;3;0;117;39;38.0;39;NO
BOOKKEEPER;1;504867718d934b66dfa4df8edc55c9c888aa3d42;1;4;4;2.0;7;0;344;YES;3;8;114;38;37.0;38;NO
BOOKKEEPER;1;924fb834de0ae926ea075385c47dd29f8dd804a3;1;1;1;0.0;3;0;333;YES;3;11;108;14;13.0;14;NO
BOOKKEEPER;1;3af9f38fc3b53c40751904972384ecb9a4e9fb44;1;9;33;29.305.468.329.997.700;2295;163;1004;YES;3;12;108;36;35.0;36;NO
BOOKKEEPER;1;d5d73a8591369458c075034b8111f0dfabc2916d;1;1;2;0.5032583347756457;0;0;377;YES;3;10;105;19;18.0;19;NO
BOOKKEEPER;1;aed845b574b88abc825634d3c860dcfd40351fb8;1;1;1;0.0;12;0;378;NO;3;0;96;32;31.0;32;NO
BOOKKEEPER;1;d33f843a67ad8bc73367259c78170c0bfab24cdc;1;1;2;0.9366673818775626;0;0;377;YES;3;0;93;31;30.0;31;NO
BOOKKEEPER;1;4afc000c193174857925f357a32950ab743490bc;1;3;3;0.8112781244591328;231;0;188;YES;3;0;90;30;29.0;30;NO
BOOKKEEPER;1;4049d4c2b115f81008ef7a3920fd9153ced2f53c;3;12;39;42.285.976.957.714.900;1054;18;1040;NO;3;8;87;29;28.0;29;NO
BOOKKEEPER;1;e14618559769b7f3fa68360a4571a84392e162e3;2;11;29;4.179.291.388.827.570;484;360;692;NO;3;28;84;18;17.0;18;NO
BOOKKEEPER;1;3969ff71a1865b5b8c32b60ac529999c6de71ab8;4;28;93;6.332.608.809.094.390;94;2;1039;NO;3;55;84;16;15.0;16;NO
BOOKKEEPER;1;304bf8fe61bd545072d09c7089d8b92fc3c2f1d3;1;1;2;0.0;16;0;494;YES;3;23;84;15;14.0;15;NO
BOOKKEEPER;1;b83d00086a263af5b51e3e061170934c53447976;1;1;1;0.0;0;0;989;NO;3;1;84;14;13.0;14;NO
BOOKKEEPER;1;4be547c861f024e48a7b0074effb8c26ff0a97fc;1;2;2;0.0;336;0;899;NO;3;0;84;28;27.0;28;NO
BOOKKEEPER;1;4d9f0c0ebe8614e0190c5df5bbd68c6fa1c05180;2;7;27;35.553.186.797.531.700;731;2;833;NO;3;28;81;27;26.0;27;NO
BOOKKEEPER;1;75dbf699b90dd01b0dd44e4bdda60e7176b3ee12;1;4;5;0.5869185834047994;676;406;714;YES;3;12;78;12;11.0;12;NO
BOOKKEEPER;1;cc467bd5880c2879e6c0355469d51759f89bbabc;1;2;3;0.0;423;0;639;NO;3;24;78;11;10.0;11;NO
BOOKKEEPER;1;c17dfb9aa2aeb6d3d1c6fa934dc9ef15bf6b5bc2;1;2;3;0.4394969869215134;130;0;608;YES;3;42;72;24;23.0;24;NO
BOOKKEEPER;1;978c0e13dd5896494f306ec2afed026caa9993b0;1;2;2;0.0;36;0;255;NO;3;34;66;22;21.0;22;NO
BOOKKEEPER;1;dc5f5d223502b8bc9ef6bc3706f3bbea975e757e;1;1;2;0.0;0;408;237;YES;3;53;63;21;20.0;21;NO
BOOKKEEPER;1;ea616470cfbd129bb03098698a562e1b8dd8ecc4;1;2;2;0.0;3;0;311;YES;3;26;60;20;19.0;20;NO
BOOKKEEPER;1;d1823db0509fe49b0ce8140c620e4c5100427407;1;2;4;12.916.919.971.380.500;50;0;1019;YES;3;4;57;19;18.0;19;NO
BOOKKEEPER;1;68bdab655445f80314a0d2531e60e3b2e4d8fa17;2;7;18;19.703.272.581.134.900;870;846;1056;NO;3;42;54;18;17.0;18;NO
BOOKKEEPER;1;c898d53ab269fbd64cb00919808c7bb0c52c53a6;1;4;7;15.050.564.640.846.000;202;3;578;NO;3;35;51;17;16.0;17;NO
BOOKKEEPER;1;d6465cad801b4ee89b77d1beec6acc371f8ddb6c;1;1;1;0.0;0;2;101;YES;3;1;48;16;15.0;16;NO
BOOKKEEPER;1;45f2edbb1c3233309f6498e581e4cdcd87dcb70a;1;1;1;0.0;0;0;101;YES;3;50;45;15;14.0;15;NO
BOOKKEEPER;1;4f09c6b4af38b51d259d8a6068806f7f22cc1847;1;1;1;0.0;0;0;127;YES;3;49;42;14;13.0;14;NO
BOOKKEEPER;1;477eb1053f5c1bff1c0037fb0d6a02b468148682;1;1;1;0.0;16;0;226;NO;3;5;39;13;12.0;13;NO
BOOKKEEPER;1;2c91d144a7e283c09e90b3065aa6fb352e177083;1;1;1;0.0;0;6;249;YES;3;43;39;11;10.0;11;NO
BOOKKEEPER;1;2f2f6c66da80e1f2e8a0f7661e91bcd0898d6289;1;3;8;19.056.390.622.295.600;172;0;764;YES;3;37;39;13;12.0;13;NO
BOOKKEEPER;1;9639b64a1296f937a7b2704de671a38deb31007b;1;2;3;13.709.505.944.546.600;12;0;574;YES;3;28;33;10;9.0;10;NO
BOOKKEEPER;1;6823a35ceafcaf3d8802a8e502883d3d07e891f7;1;1;2;0.0;3;2;571;YES;3;11;33;9;8.0;9;NO
BOOKKEEPER;1;ba9ebc213c14aa5d16a26f2e0601a39ac5888e10;5;44;171;2.971.430.256.648.240;279;0;6095;NO;3;132;33;8;7.0;8;NO
BOOKKEEPER;1;79ea05a3cbcc953bd86f024eb4143e4b85fcd8f1;1;2;2;0.0;142;0;364;YES;3;79;33;11;10.0;11;NO
BOOKKEEPER;1;28377803242f8514fcdf17f7a808aa756fa158b9;1;1;1;0.0;0;0;487;YES;3;153;30;10;9.0;10;NO
BOOKKEEPER;1;360174f12df9b853e4f3b65631c4063e150beb8f;1;1;1;0.0;3;0;329;YES;3;153;27;9;8.0;9;NO
BOOKKEEPER;1;675efc92fdb7c88ff9b871ba2ccf56974f769544;1;1;1;0.0;4;0;561;YES;3;153;27;8;7.0;8;NO
BOOKKEEPER;1;da1df6bcf4f3a1cc2ed4d3798764e855555ab8f8;1;1;1;0.0;6095;0;0;YES;3;0;27;6;5.0;6;NO
BOOKKEEPER;1;ad96c00dcd01ee310c63f78211c6b66c8c874e05;1;1;1;0.0;1;0;607;YES;3;6;27;5;4.0;5;NO
BOOKKEEPER;1;c30c309bf95a6ba145d33326af73253fb835b1b4;1;1;1;0.0;90;0;0;NO;3;0;27;9;8.0;9;NO
BOOKKEEPER;1;5095045d969a5fb4b7849cce89e3fa24ee830320;1;1;1;0.0;6;0;224;NO;3;146;24;8;7.0;8;NO
BOOKKEEPER;1;a01067bb2003e6836acc638b734581844eb08324;1;2;2;0.5225593745369408;111;0;545;YES;3;78;21;7;6.0;7;NO
BOOKKEEPER;1;a772663c8e7051396bac5bae5b4ba7bc7ec75e78;1;1;1;0.0;1;0;450;YES;3;146;21;6;5.0;6;NO
BOOKKEEPER;1;40b13a6b7db9d2da337dce0c7084d8c87c4d6b06;1;4;7;21.535.654.389.463.600;61;48;1068;YES;3;46;21;7;6.0;7;NO
BOOKKEEPER;1;0910d6cd7ffb1a7b78ab91a327715e936a3eb9e5;1;3;5;0.5564874230806445;175;0;936;NO;3;64;18;6;5.0;6;NO
BOOKKEEPER;1;de1c3b26a1162fb545c91d9cef4eed435c662a66;1;1;1;0.0;40;0;400;YES;3;132;15;4;3.0;4;NO
BOOKKEEPER;1;74397e3e20b2cd3e3c920f00be7f044cf548e076;1;2;7;1.643.155.878.465.830;416;0;772;NO;3;88;15;3;2.0;3;NO
BOOKKEEPER;1;45aeb04735d120d3aa9a0110becf3ba2d7ef6afc;3;5;9;28.709.505.944.546.600;11;0;545;NO;3;95;15;4;3.0;4;NO
BOOKKEEPER;1;00f25f5622e69f063202f7bd46f09ad1d708983d;1;2;3;0.0;54;2;720;YES;3;98;15;3;2.0;3;NO
BOOKKEEPER;1;267ed95a2ae2ef1a8f6a3166b217d86a28166391;1;4;4;1.5;131;1;536;YES;3;37;12;2;1.0;2;NO
BOOKKEEPER;1;8ee32a8ab80dcd51f7846972d92b7c9e83d99862;1;1;1;0.0;0;0;536;YES;2;50;8;1;0.0;1;NO
BOOKKEEPER;1;30c326643938bb3df6b35515e714622d98772352;2;3;4;0.8107415951914618;0;4;252;NO;1;8;4;4;3.0;4;NO
BOOKKEEPER;1;e988271acee2c217209d5c7f52c07f6211257e97;2;7;112;0.0;11740;11740;763;NO;1;0;3;3;2.0;3;NO
BOOKKEEPER;1;c1c8bef6125cb70ed2da68e92bb49e45f4ea64a9;5;44;207;0.0;31076;0;0;NO;1;0;2;2;1.0;2;NO
BOOKKEEPER;2;863f32a8ed33a5be3c9c622fb1c701bf3b48a2e0;1;2;2;1.0;6;0;447;NO;4;26;488;122;120.0;122;NO
BOOKKEEPER;2;d5caab3aae143352f2d8c3faea71dce11fdb6b45;1;2;2;0.0;49;0;774;YES;4;47;484;23;22.0;23;NO
BOOKKEEPER;2;27b6dd6a40f3e4721a29ea2030d96994869a8260;1;1;1;0.0;2;0;206;YES;4;274;484;21;20.0;21;NO
BOOKKEEPER;2;a788614f5c73b0ab2c18f73d9eff7a858229a94e;1;1;1;0.0;19;0;237;YES;4;26;484;20;19.0;20;NO
BOOKKEEPER;2;10b9c5b40bcb66690f6a25330500610c8b296779;1;3;6;0.7717313035490734;124;36;791;YES;4;24;484;19;18.0;19;NO
BOOKKEEPER;2;d68727ddd09dc0646af2748c3531e8844fdcaaf4;1;1;1;0.0;4;0;614;YES;4;6;484;121;119.0;121;NO
BOOKKEEPER;2;887546e7937db1c45e42b7ca49b3c82d790adca9;1;1;1;0.0;31;0;287;NO;4;35;480;40;38.5;40;NO
BOOKKEEPER;2;1dde3e5191e51a6f648c0d16b14ecc1e02fcff0a;1;3;4;13.787.834.934.861.700;53;0;674;YES;4;64;480;16;15.0;16;NO
BOOKKEEPER;2;a1eac18799ddc640bd42e6c038a31e1e26769056;1;6;15;3.052.358.000.932.090;22;1;1166;YES;4;53;480;36;34.5;36;NO
BOOKKEEPER;2;c59b7b8a285e5d4da72aea1232a29f31610c2306;1;1;5;18.799.649.487.271.100;44;6;659;YES;4;158;476;119;117.0;119;NO
BOOKKEEPER;2;67cbcdd7a2d1668c9bba0d45d6ea3235e4bd11e3;2;4;7;25.709.505.944.546.600;17;0;790;YES;4;71;472;15;14.0;15;NO
BOOKKEEPER;2;24e7fb03f6c9e3666aa83cc174b5088926eae3d1;1;1;2;0.0;32;0;490;NO;4;7;472;118;117.0;118;NO
BOOKKEEPER;2;73dc3481846fdc0c97944c6a7c6ce0cef17ee938;3;20;34;3.660.554.542.942.780;132;9;1029;YES;4;163;464;116;115.0;116;NO
BOOKKEEPER;2;132849503c0547d4d89d50cd14f700302b391ee2;1;1;2;0.4537163391869448;9;1;665;NO;4;7;456;114;113.0;114;NO
BOOKKEEPER;2;ba0ab04216f94411bae27a52670c9c8b4da03476;1;1;1;0.0;2;0;297;YES;4;146;452;113;112.0;113;NO
BOOKKEEPER;2;3a2fdc683eb7c8881e4ce9608bb1d7c3548e27d4;1;7;25;38.128.061.804.677.500;65;12;894;NO;4;67;444;111;110.0;111;NO
BOOKKEEPER;2;c32edf860040ebba19c6c57d226b12cd487a00d2;1;1;1;0.0;10;0;129;YES;4;248;440;110;109.0;110;NO
BOOKKEEPER;2;5f25edeba1cbf5de489e1f5a3070188f0163b51b;2;3;6;15.519.272.612.606.500;205;0;421;NO;4;52;436;34;33.0;34;NO
BOOKKEEPER;2;d368d86e287ef982fa70e069001e30124ee22b48;1;1;1;0.0;0;2;188;YES;4;2;436;33;32.0;33;NO
BOOKKEEPER;2;47ee081e6796ec84c774167dca67c3fd3ceda170;1;2;2;0.9709505944546686;24;0;451;YES;4;1;436;109;108.0;109;NO
BOOKKEEPER;2;9efe73998fe1ee72ffae95f3e1b1e65884019710;1;2;3;1.0;27;0;542;YES;4;77;432;108;107.0;108;NO
BOOKKEEPER;2;3e224c4b6d4a0d9317060f7fe0d3519fccc68f5a;3;6;7;16.644.977.792.004.600;344;5;895;YES;4;69;428;107;106.0;107;NO
BOOKKEEPER;2;a7d658179db3226dc33d53f4d25afd64ea90c061;1;2;2;0.5435644431995964;7;6;496;YES;4;34;424;31;30.0;31;NO
BOOKKEEPER;2;6fc326ebd647afbbcc0beab6764b5d3748e50088;1;2;7;19.182.958.340.544.800;82;0;763;YES;4;32;424;106;105.0;106;NO
BOOKKEEPER;2;268bdb8c6b5f642967329a99ec1dce5ba0af46d7;1;1;2;0.907165767573082;1;4;425;NO;4;112;420;105;104.0;105;NO
BOOKKEEPER;2;6d50e72732aa741d3a620c4b3ec04593c68f1b62;1;1;1;0.0;3;0;133;YES;4;46;416;14;13.0;14;NO
BOOKKEEPER;2;f7c1ad57ead301df4d3326b5d8c8950964387fa9;1;1;1;0.0;36;0;0;YES;4;0;416;13;12.0;13;NO
BOOKKEEPER;2;7f9005baadbbf312db857be6c3d3c095fe800c54;1;1;1;0.0;14;0;645;YES;4;0;416;104;103.0;104;NO
BOOKKEEPER;2;4e9ee8d75582a66f3e11d78dea280afbb864db7e;2;6;9;19.456.603.046.006.400;87;0;695;YES;4;117;412;103;102.0;103;NO
BOOKKEEPER;2;2f25ef611dd2c8ea2c94b48af09f183d74b6167e;1;2;2;0.0;33;0;616;YES;4;64;408;30;29.0;30;NO
BOOKKEEPER;2;b5c0791d38a093936016a7989c35363063cdb202;1;1;1;0.0;0;0;672;YES;4;17;404;12;11.0;12;NO
BOOKKEEPER;2;cf846eb5f57af19f68ccad42edda7551c852041d;1;2;6;0.8354230083989106;551;330;1086;NO;4;33;404;11;10.0;11;NO
BOOKKEEPER;2;4a94ce1d8184f5f38def015d80777a8113b96690;1;1;9;1.997.735.049.098.490;274;87;1121;NO;4;18;404;101;100.0;101;NO
BOOKKEEPER;2;3d834bd3798f22a43dc434d4b809a5c22731da38;1;1;1;0.0;0;0;1121;YES;4;6;400;100;99.0;100;NO
BOOKKEEPER;2;8a1ad4c3208ad0e5b546ab8e5738132698fa56f5;1;1;1;0.0;0;0;397;YES;4;68;396;10;9.0;10;NO
BOOKKEEPER;2;22bb0534ceebb3e9044b727177146fc220683b81;1;1;2;0.7219280948873623;6;0;894;NO;4;10;396;29;28.0;29;NO
BOOKKEEPER;2;df5789843b6624ebda9c6e839458cdfbc3ed7d84;1;2;2;0.5916727785823275;36;0;1108;YES;4;18;396;9;8.0;9;NO
BOOKKEEPER;2;8f02fb64ec9612af8422f23ed7908d7f6ccf5332;1;2;2;0.0;74;0;763;YES;4;4;396;28;27.0;28;NO
BOOKKEEPER;2;f694716e289c448ab89cab5fa81ea0946f9d9193;1;2;2;0.5032583347756457;32;0;211;YES;4;25;396;27;26.0;27;NO
BOOKKEEPER;2;47244dd77fb291ec95d5da4c96751ea92bc2d516;1;5;14;305.055.639.930.938;141;5;1113;YES;4;49;396;99;98.0;99;NO
BOOKKEEPER;2;682a23fb23c8de7756d5ef226fd6e97dd8d4e561;1;3;9;20.288.536.313.934.900;366;0;829;YES;4;52;392;8;7.0;8;NO
BOOKKEEPER;2;235bc1fec4d60567d113202b44f6fb4c1616d1ce;1;2;2;0.0;71;0;740;YES;4;2;392;7;6.0;7;NO
BOOKKEEPER;2;30c68b0bebff1e0a012dd81e8f05ebbf83b4ff5f;1;2;6;0.9023932827949789;399;37;523;YES;4;14;392;6;5.0;6;NO
BOOKKEEPER;2;4b32e049dca4a1a8eea4bfb2325aee2de629b132;1;1;1;0.0;0;0;582;YES;4;1;392;98;97.0;98;NO
BOOKKEEPER;2;83e8672a10fab050a5bbcc1beeb9a210c1b2b90b;1;1;1;0.0;29;0;459;YES;4;21;388;97;96.0;97;NO
BOOKKEEPER;2;48304c7c07513a15d26cb61f311c9f4b998fd8fc;1;4;8;10.553.532.192.449.800;188;136;1112;YES;4;14;384;96;95.0;96;NO
BOOKKEEPER;2;c805430253c6e6bb4341ad51b406ceabeafcd4e8;1;4;16;1.0;649;0;716;NO;4;83;380;95;94.0;95;NO
BOOKKEEPER;2;6d56d60831a63fe9520ce156686d0cb1142e44f5;1;1;1;0.0;6;0;517;YES;4;7;376;94;93.0;94;NO
BOOKKEEPER;2;3d32544c0b2b1cd5b184531846a451f518486c7d;1;1;2;0.9182958340544896;2;0;517;YES;4;41;372;5;4.0;5;NO
BOOKKEEPER;2;f3a404e4e6b0d0c2a0b2a83d38cdedaff0683e68;1;2;3;15.219.280.948.873.600;125;129;586;YES;4;3;372;4;3.0;4;NO
BOOKKEEPER;2;7199719beebe79325a93ef57a1140c2ed50c26e9;1;1;6;0.9129992135852473;267;135;1159;NO;4;0;372;93;92.0;93;NO
BOOKKEEPER;2;841e7dc187b17e6cf4c437fc211f9e285191dd7c;1;2;8;23.136.088.506.956.900;717;616;1158;NO;4;14;368;92;91.0;92;NO
BOOKKEEPER;2;3abac4eb86d64286d057d73024a177ef300283b0;1;2;2;0.0;128;0;173;YES;4;61;364;3;2.0;3;NO
BOOKKEEPER;2;0663029788d504f38e98fd79e625a466bb4780c9;2;2;4;0.0;116;0;84;NO;4;15;364;91;90.0;91;NO
BOOKKEEPER;2;33bef6356dfcf14928314e14c20ae73de80bdf99;1;2;2;0.35335933502142136;107;0;539;YES;4;3;360;90;89.0;90;NO
BOOKKEEPER;2;a4bded985ca1346a17ee0dcf08fe9dcd570dcfb7;1;4;11;29.440.097.497.163.500;338;236;317;YES;4;48;356;89;88.0;89;NO
BOOKKEEPER;2;e8a1dec3fbea9b2f8c59c32e2f189d60c1864688;1;2;2;0.0;665;0;371;NO;4;0;352;88;87.0;88;NO
BOOKKEEPER;2;fd5bb2bce8585ef49ba01d853241a4ee36d487e2;3;9;13;0.10284481638139935;699;1;6367;NO;4;126;348;87;86.0;87;NO
BOOKKEEPER;2;c6cc7cca3a85603c8e935ba6d06fbf3d8d7a7eb5;1;4;18;2.152.423.896.967.520;1058;345;1149;YES;4;28;344;2;1.0;2;NO
BOOKKEEPER;2;028a6d5360637417141f7f819a404e8e71117f9b;1;2;4;0.0;1073;0;0;NO;4;0;340;26;25.0;26;NO
BOOKKEEPER;2;cb8296636b961253f9586f535db285bfafa54a8a;2;5;6;17.989.735.675.099.300;66;24;1128;YES;4;12;340;85;84.0;85;NO
BOOKKEEPER;2;e911559291b6ae9aa310a695fb4174796921ac81;1;3;6;0.40847918343192224;906;3;1086;NO;4;11;336;84;83.0;84;NO
BOOKKEEPER;2;431554da9e2598c73edfbaf671e87cfd9ae94716;1;2;3;0.4531837316805838;68;0;829;YES;4;67;332;25;24.0;25;NO
BOOKKEEPER;2;76818a6aadd4aa40a45aca6f5b0acba79cd42515;1;3;3;0.5435644431995964;72;0;737;YES;4;104;332;83;82.0;83;NO
BOOKKEEPER;2;9366322bfe3461a44a8b0444e66cd774ea1ac7d8;1;1;1;0.0;4;0;625;YES;4;11;328;82;81.0;82;NO
BOOKKEEPER;2;2ec70d4dbf2266b17bdb99975f974f30afa65593;1;1;2;0.0;12;11;587;NO;4;3;324;81;80.0;81;NO
BOOKKEEPER;2;9523193456992a2edd36106120a8a9f246af6995;1;3;5;0.8027381019527041;218;0;1075;YES;4;9;320;80;79.0;80;NO
BOOKKEEPER;2;110d36673bcc393853aaab4bb423d785daa947c7;1;2;2;0.0;275;0;0;NO;4;0;316;24;23.0;24;NO
BOOKKEEPER;2;014bcd501c14141facd0e3eb4bb488ccba3a2b7d;1;2;2;0.7062740891876007;43;0;1071;YES;4;41;316;79;78.0;79;NO
BOOKKEEPER;2;bad375aa35a2c17c466d2be7481e7d16220d59b0;1;2;2;0.0;194;0;386;YES;4;5;312;78;77.0;78;NO
BOOKKEEPER;2;633a23b3a20b27a551328be2efe5f057be3c99e2;1;5;7;0.41381685030363374;22;9;1058;YES;4;42;308;23;22.0;23;NO
BOOKKEEPER;2;3defe9e5110472da995789b5ae14c286f58f1293;1;1;1;0.0;0;5;399;YES;4;14;308;1;0.0;1;NO
BOOKKEEPER;2;5a3b29d05abd71c6e5d1b3045abafd434db15f24;1;4;11;25.817.821.533.493.800;131;53;810;YES;3;43;231;77;76.0;77;NO
BOOKKEEPER;2;29a472598083e522645f918ec602dd91d800f0d5;1;3;6;16.577.427.265.048.800;165;0;1040;YES;3;61;228;22;21.0;22;NO
BOOKKEEPER;2;c65d6ada34215ee3a5466c495d565d745857c435;1;6;11;20.244.215.552.578.900;47;0;1057;YES;3;31;228;76;75.0;76;NO
BOOKKEEPER;2;beca5951f73cb9c39be10a4166a90dee9fff3c1c;1;3;5;0.37123232664087563;581;23;1080;NO;3;2;225;75;74.0;75;NO
BOOKKEEPER;2;a3c9c953db49bc1ec3d72f01212e6cbcd58cc5d3;1;2;5;0.0;2299;0;0;NO;3;0;222;74;73.0;74;NO
BOOKKEEPER;2;bd2efa12f1f63afa90723ce405caebafb4afd6be;1;1;1;0.0;9;0;315;YES;3;7;219;73;72.0;73;NO
BOOKKEEPER;2;3272204448bf210d03377ba822d01419ad197a17;1;1;1;0.0;0;0;181;YES;3;82;216;72;71.0;72;NO
BOOKKEEPER;2;cfe3e650b69b2b599dd5b2f27f2164af38c7a2be;1;1;1;0.0;7;0;618;YES;3;6;213;71;70.0;71;NO
BOOKKEEPER;2;835d963cb26d0a5d5b1cc79a0faf185b49673d16;1;1;3;12.825.167.134.306.400;34;0;768;NO;3;87;210;21;20.0;21;NO
BOOKKEEPER;2;5a7f4991610ad60d277830b72dc5d890c63a0f07;1;3;12;0.9182958340544896;756;0;1027;NO;3;16;207;69;68.0;69;NO
BOOKKEEPER;2;7e12629ed7a2006e4805dac0e5c006324a52d5db;1;5;6;0.0;167;0;1026;NO;3;48;204;68;67.0;68;NO
BOOKKEEPER;2;f56e596d70c66dac170008ffbe19489eee05be08;1;2;5;11.844.873.517.384.900;19;7;514;YES;3;41;201;67;66.0;67;NO
BOOKKEEPER;2;cdcfbb52cbf8f0e6f17d56d7185cf0d04c9c856b;1;1;2;0.0;111;0;0;NO;3;0;198;66;65.0;66;NO
BOOKKEEPER;2;c7c8af741a2f532b554dcdabf85237c23ea14aaa;1;3;5;0.0;79;29;762;YES;3;51;195;65;64.0;65;NO
BOOKKEEPER;2;0d43f404ea145a35d46371967975f9590649a033;1;1;1;0.0;1;0;242;YES;3;56;192;64;63.0;64;NO
BOOKKEEPER;2;e32715ad96558a9941910dd6ae91fc1c646baeb6;1;1;1;0.0;2;0;345;YES;3;43;189;20;19.0;20;NO
BOOKKEEPER;2;0975f069d90748eb43fcec7622d3961b0446ea28;1;7;12;17.299.231.577.676.400;420;8;478;YES;3;65;189;63;62.0;63;NO
BOOKKEEPER;2;8f755ed13f193ad6491fdca1794d834f3d3d4dcc;1;5;5;10.315.795.511.490.800;405;0;452;YES;3;48;186;62;61.0;62;NO
BOOKKEEPER;2;015097021c1a2d2860643fda7fcb3e8a0d191442;1;2;2;0.5916727785823275;9;0;471;NO;3;8;183;61;60.0;61;NO
BOOKKEEPER;2;9eb549d4c308963af0be3288a59b0c4c39cbb5e6;1;1;1;0.0;0;0;471;YES;3;17;180;60;59.0;60;NO
BOOKKEEPER;3;087e490270c6e006b9e4b47035f20fea843149be;2;7;9;17.676.303.641.843.700;237;22;669;NO;4;22;988;247;214.0;247;NO
BOOKKEEPER;3;7d8079c446110872d8f6d50eff86268a3cb4e989;3;6;6;14.591.479.170.272.400;86;0;1189;YES;4;11;976;244;211.0;244;NO
BOOKKEEPER;3;96b5aa8e6463c36a0421e47f9892479aa63f885b;1;3;3;11.577.051.851.330.000;111;0;881;YES;4;56;972;243;210.5;243;NO
BOOKKEEPER;3;1374b7ad2738f6c52a2aed1d0ee4e412aa382086;1;2;3;0.0;202;10;891;YES;4;80;968;68;67.0;68;NO
BOOKKEEPER;3;4250c1f93962af30e6e40759e006035a7089613e;1;5;6;16.876.050.888.701.400;123;3;697;YES;4;31;968;71;60.5;71;NO
BOOKKEEPER;3;7c1793d2979b01062682b70687839a978bf65c4c;1;1;4;14.885.252.948.977.400;95;18;1207;YES;4;27;968;242;209.5;242;NO
BOOKKEEPER;3;40de140171a26b0943909900d6af4a73b31a641e;1;3;3;0.0;31;0;884;NO;4;23;964;67;66.0;67;NO
BOOKKEEPER;3;a9b851b3afe2d8031ad426fdd2e579ba003fe02c;1;1;1;0.0;5;0;579;YES;4;1;964;66;65.0;66;NO
BOOKKEEPER;3;5c19add8bc394d3caae4fddf566e149281370a52;1;1;1;0.0;0;0;153;NO;4;0;964;241;208.5;241;NO
BOOKKEEPER;3;1f5278d06ddbf4da0d2d6ed41676321f89a4aecd;1;3;6;0.7793498372920852;193;0;811;NO;4;129;960;240;207.5;240;NO
BOOKKEEPER;3;f0db18abedd30af1d6191d068652b93db0c68fc6;2;9;13;20.919.728.845.001.400;283;206;1178;YES;4;29;956;70;59.5;70;NO
BOOKKEEPER;3;faf407d5d40e9d476bab2a926f41b993bf87098f;1;3;4;0.5112341754462364;46;0;809;YES;4;27;956;239;206.5;239;NO
BOOKKEEPER;3;ed9b6037be51845f7cab2446593df695ffcede59;1;1;1;0.0;1;0;797;YES;4;35;952;68;57.5;68;NO
BOOKKEEPER;3;f7ce39d522827a0359a0183eae02694ebb35bafd;1;1;1;0.0;0;1;310;YES;4;3;952;238;205.5;238;NO
BOOKKEEPER;3;b625fdc27a429341143e204338cf5deab3188e9e;1;3;5;15.827.986.098.452.300;180;0;971;YES;4;57;948;237;204.5;237;NO
BOOKKEEPER;3;f80dcedaeea5f701822f02484c098cf4df2f04da;1;2;3;0.6880476235340796;27;0;1173;YES;4;10;944;65;64.0;65;NO
BOOKKEEPER;3;005b62cc60093dd5b32d4abecd06c2e441bc62ae;1;6;12;17.334.834.339.268.800;568;0;924;NO;4;17;944;236;203.5;236;NO
BOOKKEEPER;3;ee29f75f3f6a0168008da2e424e4174f2aee8cbb;1;4;5;12.361.862.832.554.100;243;0;757;YES;4;54;940;235;202.5;235;NO
BOOKKEEPER;3;b4e985b32cbb5aa7c6b109898f9d8bf51b2fd330;1;3;3;0.9480782435939054;547;0;420;NO;4;10;936;234;201.5;234;NO
BOOKKEEPER;3;a27b64e340a6ad12f1e9588d1d55fa51f0b2d1f0;3;10;14;222.539.611.616.667;233;11;16879;YES;4;44;932;233;200.5;233;NO
BOOKKEEPER;3;7b2b91579000bc99d6fdded3aefb349975058c6f;4;23;78;5.819.643.839.629.590;0;0;1189;NO;4;116;928;67;56.5;67;NO
BOOKKEEPER;3;ea36e59a1c314bf698d572e5f714e0b68e554a6e;2;5;8;1.532.914.563.979.390;12;261;1151;YES;4;48;928;66;55.5;66;NO
BOOKKEEPER;3;8a396e1f74ff9f9cf25d3b4bfc43c8a112992555;1;2;3;1.271.782.221.599.790;48;0;360;YES;4;77;928;65;54.5;65;NO
BOOKKEEPER;3;7de3ecbd5d5052138a9c4aded9256c5030ab2f6d;1;2;3;14.056.390.622.295.600;94;0;1168;YES;4;4;928;64;63.0;64;NO
BOOKKEEPER;3;a0ae97c232caafa1fda9955f9aaa9f99564b74fe;1;3;10;12.576.809.793.573.300;150;15;755;YES;4;18;928;63;62.0;63;NO
BOOKKEEPER;3;fa13426970bd4b6d7ffc086e776559f87349ef71;1;6;23;2.888.568.291.896.430;551;453;1171;NO;4;68;928;62;61.0;62;NO
BOOKKEEPER;3;a3da8c74c4226b7d92e9d0eba9591334351afa45;1;2;3;0.0;11;5;980;YES;4;78;928;61;60.0;61;NO
BOOKKEEPER;3;d69986c4df6b51ed6ed27c5f45a7b6850e69dacd;1;3;12;26.565.647.621.309.500;289;1;1071;YES;4;145;928;232;200.5;232;NO
BOOKKEEPER;3;e5b0dd0d9e47394202f5a20cedf409f487d90beb;1;4;10;2.161.534.066.708.240;181;15;772;NO;4;24;924;231;199.5;231;NO
BOOKKEEPER;3;a4d8a34fb0779551208ad003b950e0b9a9d86d42;2;3;3;0.9182958340544896;28;0;1253;YES;4;4;920;230;198.5;230;NO
BOOKKEEPER;3;d1a3c6d11eb4433c7e25eeba6ac21fe2db3a2696;1;1;1;0.0;17;0;92;YES;4;22;912;58;57.0;58;NO
BOOKKEEPER;3;e4a42af6933c0cb0be441b3d9d5d28790aa9a7b9;1;3;3;13.516.441.151.533.900;109;0;847;NO;4;35;912;63;52.5;63;NO
BOOKKEEPER;3;dffe13f5b16200e192c36547021c34c186d00de8;1;1;1;0.0;0;1;351;YES;4;1;912;228;197.5;228;NO
BOOKKEEPER;3;8125700069b14f80ebd135ddd1a2b67de256cb1e;1;3;3;12.516.291.673.878.200;398;0;3699;NO;4;25;908;227;196.5;227;NO
BOOKKEEPER;3;e0011de4475969c19023694f5074b50e5d12a08f;1;1;1;0.0;24;0;1127;YES;4;5;904;226;195.5;226;NO
BOOKKEEPER;3;3a950e6f7f5ca8b646e82c61c98a65991df8d88f;2;4;4;0.0;1032;0;545;NO;4;39;896;224;193.5;224;NO
BOOKKEEPER;3;496f442a7a68dd549355e845540c6c72c2fbb44c;1;4;7;17.104.492.536.811.000;497;2;979;YES;4;5;892;223;192.5;223;NO
BOOKKEEPER;3;d58a71dbd1f07a3edf65c4af80ae18a4d9a95755;1;2;2;0.0;31;0;1252;YES;4;10;888;61;50.5;61;NO
BOOKKEEPER;3;b6c1a8bbd7c2d44c2edb59d9938fa073f6f478de;1;3;4;0.5225593745369408;250;152;396;YES;4;78;888;222;191.5;222;NO
BOOKKEEPER;3;1e35d5d5e6de6a33cd4ca200f3d5d92dcf7cb58d;1;1;1;0.0;10;0;370;YES;4;90;884;56;55.0;56;NO
BOOKKEEPER;3;55610c26eb3b8b4cd5dd1955a434c2642334c605;1;2;3;0.5435644431995964;127;0;860;YES;4;34;884;221;190.5;221;NO
BOOKKEEPER;3;5414cec92a99135c8ba0bc0f6768bd348c65e2fb;1;7;9;1.0;775;0;942;NO;4;55;880;220;189.5;220;NO
BOOKKEEPER;3;7fa41ff318a31f973d1de12afe8db0f9893ac653;1;1;1;0.0;0;0;174;YES;4;91;876;55;54.0;55;NO
BOOKKEEPER;3;7467d2697103abba54d8f665724d630721064e78;1;1;1;0.0;23;0;626;NO;4;11;876;59;48.5;59;NO
BOOKKEEPER;3;be155aa0c61f6b7bc0bf3d4f2ea56a9b97e590bf;1;1;1;0.0;121;0;424;NO;4;7;876;58;47.5;58;NO
BOOKKEEPER;3;77efd1c00100b533d67e716579b439e94d4050e3;1;1;1;0.0;2;0;940;YES;4;6;876;57;46.5;57;NO
BOOKKEEPER;3;7d3dde696ae859297ece4e2c9a047afde4fa5865;1;2;2;0.0;104;0;534;YES;4;26;876;56;45.5;56;NO
BOOKKEEPER;3;a063f9b19d035d8c2d9e76e3741368cf41e7d292;1;1;1;0.0;4;0;321;YES;4;17;876;55;44.5;55;NO
BOOKKEEPER;3;40ac04bfee52f2e0fd45397cf5d02fa31236c753;1;2;2;0.0;33;48;1175;YES;4;89;876;54;43.5;54;NO
BOOKKEEPER;3;d0217c170a0906bdf3188cc89a290f6da0950146;1;3;4;2.0;0;0;772;NO;4;0;876;53;42.5;53;NO
BOOKKEEPER;3;66a0dde14f8d69ebdd409f3a2011d03bcd6b62cd;1;9;20;3.610.996.672.566.700;62;17;1071;NO;4;54;876;52;41.5;52;NO
BOOKKEEPER;3;baef283841c05bcb4ebceaaa5d540f7a30e4af1a;1;3;10;0.3167327035026755;847;997;622;NO;4;25;876;219;188.5;219;NO
BOOKKEEPER;3;366d393f2e58acdd5494da4ae60513c3ae5730c4;1;1;1;0.0;1;0;939;YES;4;11;872;51;40.5;51;NO
BOOKKEEPER;3;7f67e765c73890a2f838ec8f5d43b814ce42c84b;1;3;4;0.5831031620483733;90;0;736;YES;4;114;872;218;187.5;218;NO
BOOKKEEPER;3;6030beaba9e770db9b856b8de1b06dab843b2ccc;1;2;2;1.0;8;0;96;YES;4;50;868;217;186.5;217;NO
BOOKKEEPER;3;55f6300ef7eea86c7573d07d65341e2f9ad982a4;1;2;2;0.8112781244591328;36;0;1251;NO;4;27;864;50;39.5;50;NO
BOOKKEEPER;3;7f6adbe34f828f6c86fe30bfa398180fdb512425;1;4;6;0.8112781244591328;137;0;1068;NO;4;53;864;216;185.5;216;NO
BOOKKEEPER;3;0ea460606e4a45a07a79c356ad1d58a6119e0d31;1;3;4;0.8343470230852538;205;0;1238;YES;4;14;860;215;184.5;215;NO
BOOKKEEPER;3;03bf28db4e8e99a4326e0e01c7a9f7134f151a7b;1;3;7;0.0;508;521;649;NO;4;13;852;213;182.5;213;NO
BOOKKEEPER;3;bdf3bfd631493d82688404dde35eed491ec946ad;1;4;4;0.4537163391869448;0;485;385;NO;4;0;848;212;181.5;212;NO
BOOKKEEPER;3;6a6d25e7e9a2c3cc4370799ec2529915929e5acc;1;1;1;0.0;1;0;88;YES;4;259;844;211;180.5;211;NO
BOOKKEEPER;3;f12b7896e1640bed64cedb0d96bdd82b6cf26a86;1;4;4;0.4537163391869448;485;0;385;NO;4;28;840;210;179.5;210;NO
BOOKKEEPER;3;c958b32da81936cee535c411f2214d900f54442c;1;2;2;0.0;31;0;978;YES;4;109;836;54;53.0;54;NO
BOOKKEEPER;3;100785f6f1feb2e6dd1c7de769adab5c88e87427;1;2;2;0.0;89;0;687;YES;4;39;836;48;37.5;48;NO
BOOKKEEPER;3;e14983cbea5238a75a45bff4f23a8e431a5892f0;1;1;1;0.0;6;0;119;YES;4;5;836;53;52.0;53;NO
BOOKKEEPER;3;aa1fecd255bcc3c23d4037c675df88c9c0ba78ab;2;3;5;2.321.928.094.887.360;1;3;775;YES;4;62;832;51;50.0;51;NO
BOOKKEEPER;3;0d198abad7b41d8326913384967aeb1239ab0528;1;5;8;0.420026001688088;135;0;1007;YES;4;77;828;207;183.5;207;NO
BOOKKEEPER;3;9512c57d2c370604e732037c8a3cf262cb60b8a9;1;1;1;0.0;2;0;383;NO;4;4;824;47;37.0;47;NO
BOOKKEEPER;3;38336805e367664fbda2a9c6993d5d343c956752;1;1;1;0.0;4;0;166;YES;4;40;824;46;36.0;46;NO
BOOKKEEPER;3;d3ee645781a1ed422d53a027e3d397451dd4c0d2;2;2;2;0.0;34;0;25;YES;4;121;824;45;35.0;45;NO
BOOKKEEPER;3;e2d624f8b09beca1f3a5c9224aad1aa254642f28;1;4;8;27.229.359.909.333.600;219;0;777;NO;4;64;820;205;187.5;205;NO
BOOKKEEPER;3;967149c238389e96b760dbda4d4f722aee46b0b5;1;1;1;0.0;52;0;0;NO;4;0;816;204;186.5;204;NO
BOOKKEEPER;3;e789bc0dae00b6e8881912a73c1e55f370c83c84;1;2;2;0.9402859586706309;0;28;319;NO;4;208;812;203;185.5;203;NO
BOOKKEEPER;3;b3a05cd74652affe4a69f40609de0b92769e05a4;3;16;29;36.855.142.010.753.000;269;57;1125;YES;4;121;808;202;184.5;202;NO
BOOKKEEPER;3;10091096ec339c1524877195172325343b20e02f;1;1;1;0.0;1;0;146;YES;4;27;800;200;182.5;200;NO
BOOKKEEPER;3;9b7b78890c2f0631a2b62bbbaa8de35ede102c0e;1;3;16;0.0;2328;0;0;NO;4;0;792;198;184.0;198;NO
BOOKKEEPER;3;c32437ad4ff1d1e267f885a0bd67100cebb57ba6;1;1;2;0.0;39;2;184;NO;4;205;788;197;184.0;197;NO
BOOKKEEPER;3;da1b308ba8eb4dc0cd93b5ad19065067c354f242;2;6;7;25.961.182.137.782.900;0;0;741;NO;4;5;784;196;183.0;196;NO
BOOKKEEPER;3;f633075dd0b0cae6c50db0f7284798089a9cf83b;3;17;25;12.730.809.324.093.900;2337;153;16373;NO;4;60;776;194;182.5;194;NO
BOOKKEEPER;3;536d86ec4b93909e870d6bc65fba7037360ea036;1;7;11;3.077.455.822.779.930;18;15;1054;YES;4;76;764;44;38.0;44;NO
BOOKKEEPER;3;223a3fb3fbc78fe4dc1922967fe3daa3edfc3fb2;3;6;7;21.891.352.119.173.500;582;30;16315;YES;4;41;764;191;182.0;191;NO
BOOKKEEPER;3;3a9a88708d3a1e9e2337a8cc99c3bb727f93ffc4;1;2;4;0.969918434275037;198;0;788;NO;4;78;760;190;181.0;190;NO
BOOKKEEPER;3;ffd46bcd1c7e2c78f6d41355a2215f73661764c1;1;1;2;0.9544340029249649;6;9;731;YES;4;23;756;189;180.0;189;NO
BOOKKEEPER;3;7dced572419c90b27b587eccc09d48032e7a6a9c;1;2;2;0.0;94;0;371;NO;4;43;752;188;179.5;188;NO
BOOKKEEPER;3;2c7236cf339a2de3cf3fbc0aaa8cd88cc4398ca0;1;1;1;0.0;94;0;0;YES;4;0;748;187;178.5;187;NO
BOOKKEEPER;3;eb01b7c1a9d22a55f0107d8b3ba60807d4fd05f4;1;7;9;273.655.747.380.038;35;44;1063;YES;4;32;744;186;177.5;186;NO
BOOKKEEPER;3;db1484669db7076d71b0ad890f8867e86a18229f;1;1;1;0.0;4;0;538;YES;4;27;740;185;177.5;185;NO
BOOKKEEPER;3;d0807e31f6d531cee5898bea3c2af3e312dbe61b;3;11;14;1.172.791.873.317.290;1016;0;15791;NO;4;17;736;184;176.5;184;NO
BOOKKEEPER;3;81aa20165c13aab333f9f0fd6b4e948de2ba1cef;1;4;7;20.286.568.082.538.200;173;63;502;NO;4;62;732;183;175.5;183;NO
BOOKKEEPER;3;794d8c6a363433bc129deeb5568e83ac716379e6;1;7;14;2.261.736.379.146.120;979;0;910;NO;4;56;728;182;174.5;182;NO
BOOKKEEPER;3;cb059545270e4517c90d2b52000ea06404307f16;1;1;1;0.0;0;11;718;NO;4;13;720;43;37.0;43;NO
BOOKKEEPER;3;2385d7a7054dd7e4c3241374b1f5f57360a5a468;1;1;1;0.0;7;0;571;YES;4;32;720;180;173.5;180;NO
BOOKKEEPER;3;bf3d55f0cbd3461626148ad436a78923047dd797;1;2;3;0.9709505944546686;160;0;654;NO;4;9;716;179;172.5;179;NO
BOOKKEEPER;3;de64ff31f01e2a6e7889bae8d75681d2176f21bc;1;2;2;1.0;402;0;3310;NO;4;17;712;178;171.5;178;NO
BOOKKEEPER;3;c4519d96d592967aaad1d056db3d31cbe56de865;3;7;7;14.063.290.977.199.000;2;1;15792;YES;4;6;708;49;48.0;49;NO
BOOKKEEPER;3;e2487b794ef8d93a1d1380a62ffa212381930393;1;5;7;0.8589053513921947;232;1;774;NO;4;32;708;177;170.5;177;NO
BOOKKEEPER;3;ba01aed276fc847926310376520d3ec513503c61;1;2;4;0.0;346;0;346;NO;4;13;704;176;169.5;176;NO
BOOKKEEPER;3;f57cbe507d0f366fa76e0e163e867e4a7f93d958;3;8;11;10.841.866.656.653.700;593;0;15676;NO;4;23;700;175;168.5;175;NO
BOOKKEEPER;3;24fb0bca0dbdd2ad14c5afcd7fb2fc31f80882f5;1;4;7;0.0;372;0;536;NO;4;31;696;174;167.5;174;NO
BOOKKEEPER;3;eba338eb398f8a22987c6bd8352bf2d649fb7c33;2;7;34;2.590.199.327.977.590;3462;1851;837;NO;4;28;688;172;165.5;172;NO
BOOKKEEPER;3;881cda5c85d17f952bdc2c7e101eef669bce35d2;1;3;3;11.674.367.232.867.000;42;0;474;YES;4;177;684;48;47.0;48;NO
BOOKKEEPER;3;53d3fbf26af00ccc25605fb80bbd73c09c3d90f0;1;1;1;0.0;0;0;346;NO;4;7;676;169;162.5;169;NO
BOOKKEEPER;3;820ce5949c6a32ddca32ce7b408a57e27f5086bb;3;13;18;20.679.184.263.169.300;669;0;15432;NO;4;21;672;168;161.5;168;NO
BOOKKEEPER;3;ec977dbe1e7bfb56dc93b6ba72d11f0468345668;3;14;39;4.813.308.525.586.130;12;118;1062;NO;4;45;668;47;46.0;47;NO
BOOKKEEPER;3;4f2b11213baf8551ef778599b14a6fc17d95f21d;1;2;5;0.988180837004676;41;0;980;YES;4;106;668;167;160.5;167;NO
BOOKKEEPER;3;6bffc3245ae3c2f9a671a0549f394c192460217f;2;3;6;2.167.579.525.264.410;6;10;813;YES;4;105;664;46;45.0;46;NO
BOOKKEEPER;3;420a6e5e6cab583929622d190d2cd3b360cbd102;1;5;5;0.8363265859080635;192;0;549;NO;4;73;664;166;159.5;166;NO
BOOKKEEPER;3;e353a8f93ad48d8785bbaa7162a8a9ebca40a15f;2;7;19;34.926.943.588.310.000;502;17;3253;NO;4;46;660;165;158.5;165;NO
BOOKKEEPER;3;26671da549558c4b16da42f2eabfad65fa223831;1;1;1;0.0;0;11;368;YES;4;125;656;45;44.0;45;NO
BOOKKEEPER;3;6f364a214d2b65f5823af2e5699bbc59dc08a4c9;1;2;3;0.0;8;0;585;YES;4;74;656;164;157.5;164;NO
BOOKKEEPER;3;06b50969499330d4a5421b48a042fdee63857d23;1;2;2;0.0;23;0;379;YES;4;112;652;44;43.0;44;NO
BOOKKEEPER;3;0eee9e5cd4b5b3affd930a736a3cc2d68a8da976;1;8;18;22.933.138.922.836.600;1370;25;2556;NO;4;62;652;42;41.0;42;NO
BOOKKEEPER;3;64fa78224ed46189032a616f00e1755fd71d93e2;1;1;1;0.0;2;0;240;NO;4;11;652;41;40.0;41;NO
BOOKKEEPER;3;800fe7de43333d14dedb2ab64e08a89a78fa31b2;1;2;6;14.541.664.173.541.800;105;4;694;NO;4;21;652;163;157.0;163;NO
BOOKKEEPER;3;504369377af29b6d09a801243ead58805784765a;1;3;3;14.926.140.680.171.200;11;9;703;NO;4;11;648;162;156.0;162;NO
BOOKKEEPER;3;2ffc123e5ffb37163512a89301a128f07f05750c;3;12;18;2.432.357.147.773.090;1068;70;14849;NO;4;12;640;160;154.0;160;NO
BOOKKEEPER;3;9fcb7c0cddee8b78e1c3aa8db5f7478d9a13397c;1;1;2;0.9764143081154869;0;15;426;NO;4;3;636;159;153.0;159;NO
BOOKKEEPER;3;fbfd10fa94d909144c369e1514db31669a16872b;1;3;7;2.372.966.377.227.960;158;0;733;YES;4;57;632;40;39.0;40;NO
BOOKKEEPER;3;06f8f930786ad5c771b8f06ec5d6fe4af5ad3c89;1;2;5;1.889.246.428.509.150;4;11;531;NO;4;17;632;39;38.0;39;NO
BOOKKEEPER;3;cb8415d5defb27efeb8fa7ab1c92a60d4f5c31af;1;2;2;0.0;321;0;882;YES;4;30;632;158;155.0;158;NO
BOOKKEEPER;3;6379ae858d11bac62a95ccb06675e2bd511f822a;4;14;22;20.308.267.557.709.400;1472;78;13979;NO;4;113;628;157;154.0;157;NO
BOOKKEEPER;3;6b44bc232811e379463f71a27293c3f31ed398ba;1;2;4;0.0;1132;0;0;NO;4;0;624;156;153.0;156;NO
BOOKKEEPER;3;d930b579a1e96757e1698bf91bc1c99ac1cb5f35;1;2;3;0.0;383;0;63;NO;4;4;620;155;152.0;155;NO
BOOKKEEPER;3;c59b3d2e495e4ab7483b161ab9c2ce59f0c1e013;1;1;1;0.0;0;0;509;YES;4;35;616;38;37.0;38;NO
BOOKKEEPER;3;8e9a19f762fa27d297bf1b401c55fdbabdbcdc82;1;1;1;0.0;0;1;127;YES;4;61;616;37;36.0;37;NO
BOOKKEEPER;3;621ace8d93eb322f01416e9a98aac23ac87799e3;1;2;2;0.0;114;1;417;NO;4;3;616;154;151.0;154;NO
BOOKKEEPER;3;97c76a36d79d1d96314cd7e832d1dfbd1211965d;1;4;5;1.0;818;0;637;NO;4;7;612;153;150.0;153;NO
BOOKKEEPER;3;b3331cbc528aa32ceb30dcbc676d298beda62df3;1;2;2;0.22853814395352803;59;0;394;NO;4;10;608;152;149.0;152;NO
BOOKKEEPER;3;89e1c0913e70ce4c345c1c82b92ae91fac80b1d2;1;2;3;0.0;486;145;782;NO;4;10;600;150;147.0;150;NO
BOOKKEEPER;3;45034f5f4a51225b9f963840741818da7869a85c;1;1;1;0.0;74;0;0;NO;4;0;592;148;145.0;148;NO
BOOKKEEPER;3;14e23b6d9cf4015cd76c7ed3d5258bfbcbb05ef8;3;10;15;0.5671988209556096;2999;14;11586;NO;4;92;588;147;144.0;147;NO
BOOKKEEPER;3;bb0888acafee138989dffb1cfee732145c953f38;1;5;7;11.064.777.164.046.200;174;45;1042;NO;4;48;584;146;143.0;146;NO
BOOKKEEPER;3;fbba5c91318c00d77bd62c211066ae13a14d9d00;1;2;5;1.0;772;0;90;NO;4;74;580;145;142.0;145;NO
BOOKKEEPER;3;f4daacff80da6802528320f5a920e1989cf20fac;2;8;11;31.198.302.380.045.800;41;0;1062;YES;4;32;576;144;141.0;144;NO
BOOKKEEPER;3;74e097e0b171871f4f0c067600949376ff98cb5d;1;5;9;12.646.726.793.957.200;1714;0;1691;NO;4;31;572;143;140.0;143;NO
BOOKKEEPER;3;391f9246890b416398e48886fe5ed3c4d2e866ab;1;2;2;0.0;39;5;693;YES;4;38;568;142;139.0;142;NO
BOOKKEEPER;3;ec17d0be6a1a655a40ae4e56abff3e121f7d6f20;1;3;3;0.20687780750472537;425;0;863;NO;4;7;564;141;138.5;141;NO
BOOKKEEPER;3;5c59fa532fa44a1803e1d986181c58c1b00f0a4c;1;1;1;0.0;679;0;0;NO;4;0;560;140;137.5;140;NO
BOOKKEEPER;3;4d9f3d32a063975303f42a7108cbd4892062ab89;2;8;19;10.340.932.607.555.200;2764;106;10757;NO;4;26;556;139;136.5;139;NO
BOOKKEEPER;3;4088f7ac7b700588a935485b0a9723a36cc995f3;1;2;3;1.584.962.500.721.150;10;0;747;YES;4;51;548;137;134.5;137;NO
BOOKKEEPER;3;0092518bb3e345de2113f29450c9e1557cfc8020;3;11;28;22.307.987.717.341.200;1364;0;9695;NO;4;101;544;36;35.0;36;NO
BOOKKEEPER;3;46a2663a842c6d256c73fba1bd12eb70559c115e;2;2;2;0.9182958340544896;0;4;45;YES;4;2;544;42;39.0;42;NO
BOOKKEEPER;3;3de1c6668a60999230f446011ca27fa7629b4465;2;9;17;37.089.660.826.946.200;61;0;1041;YES;4;105;544;35;34.0;35;NO
BOOKKEEPER;3;6e33b2519f98f08faa248056e9e017dd8ba8de90;1;1;1;0.0;63;0;0;NO;4;0;544;34;33.0;34;NO
BOOKKEEPER;3;051320f212b2a6263d2d95db780db62911b9c0f6;1;1;1;0.0;9;0;482;YES;4;43;544;33;32.0;33;NO
BOOKKEEPER;3;df619306ca4c6dd9eba94cbc5ce159e43a5b9ee5;1;5;11;29.625.050.091.276.300;72;6;818;YES;4;109;544;41;38.0;41;NO
BOOKKEEPER;3;f13b9f4e26fe9b213837d1e68596b55f74163070;1;4;9;24.135.745.813.408.000;525;16;1493;NO;4;29;544;32;31.0;32;NO
BOOKKEEPER;3;c2efd0a48c5d1ea4edd7bf33c69a7e5270942eb4;2;11;26;13.039.812.593.429.500;2737;482;9214;NO;4;72;540;135;133.0;135;NO
BOOKKEEPER;3;fbcc0b583fd698cfa9ca232f4be5b0d584bb3ee5;1;1;1;0.0;1;0;506;NO;4;4;536;29;28.0;29;NO
BOOKKEEPER;3;09e5d180231f5307a58a89d0c89169bca890bddf;1;3;4;1.061.278.124.459.130;305;1;773;YES;4;20;536;134;132.0;134;NO
BOOKKEEPER;3;6b249579f1cdf4e9fb940b0bf54b8d55a1ab38b2;1;1;1;0.0;0;0;132;NO;4;220;532;27;26.0;27;NO
BOOKKEEPER;3;763479b6f94fd4827ee28e9f698cfa9a31095061;1;1;2;0.8904916402194913;6;0;788;YES;4;15;532;133;131.0;133;NO
BOOKKEEPER;3;de432058b7e7c026fcf0b69b1e20bcf9ae1b1de2;1;1;2;0.8453509366224365;4;0;878;YES;4;18;524;131;129.0;131;NO
BOOKKEEPER;3;441bf650859bc96a49b667961a19afd936b67e4c;1;1;1;0.0;2;0;407;YES;4;1;520;130;128.0;130;NO
BOOKKEEPER;3;4d15e5675c0394cb910e54c9b0d9743e98fb64c7;1;2;2;0.0;245;0;906;YES;4;25;516;129;127.0;129;NO
BOOKKEEPER;3;744edf07394472d3146e57831592a69d5a86616c;2;5;11;0.4903986365677354;4347;0;6523;YES;4;30;512;128;126.0;128;NO
BOOKKEEPER;3;d193780cc404c2e3694c82385d7f422accc416f3;1;1;2;0.8812908992306927;0;5;684;YES;4;31;508;26;25.0;26;NO
BOOKKEEPER;3;18728877881a23d2639eb650d47b7c41bbccd9ca;1;1;1;0.0;506;0;0;YES;4;0;508;127;125.0;127;NO
BOOKKEEPER;3;297eb745440443eea1a8217c89299abf8d18fc3f;1;10;46;4.389.005.978.528.910;1169;408;1167;NO;4;63;504;126;124.0;126;NO
BOOKKEEPER;3;a2cd9899405ef7313a50e87a370aecef543ae4eb;2;4;12;19.362.600.275.315.200;1100;0;509;NO;4;14;496;124;122.0;124;NO
BOOKKEEPER;5;455aabfd3b6ffd4247f6df63cb29d0694b359cdd;1;2;4;17.389.392.224.611.300;104;0;469;YES;5;100;1295;259;211.5;259;NO
BOOKKEEPER;5;e14cbe41b5db846a5d819fcae6e82bc489ebeb73;1;6;12;19.095.505.347.000.800;199;0;947;NO;5;188;1290;258;210.5;258;NO
BOOKKEEPER;5;6268be59c7d8cf411860a6807a2cb45bc1c891f4;1;1;1;0.0;0;1;948;YES;5;47;1285;257;209.5;257;NO
BOOKKEEPER;5;d1bb8ec0e7c65e241f55c8b700395570e0ee5daf;1;2;2;0.0;36;3;926;YES;5;76;1280;76;72.5;76;NO
BOOKKEEPER;5;f2bb5603ff33b8ac54bcdf2daddb61cf3e65de80;4;30;39;4.366.977.563.852.590;171;5;1198;YES;5;109;1280;75;71.5;75;NO
BOOKKEEPER;5;9f0d2a3e2f4279921f8fa1df8aad708773124cd5;1;2;3;0.0;55;0;503;YES;5;70;1280;73;71.0;73;NO
BOOKKEEPER;5;1b7cb6fa9704d10a3a6134edfd0b12d85bf0012c;1;2;7;16.807.715.297.835.800;96;44;727;NO;5;40;1280;72;70.0;72;NO
BOOKKEEPER;5;94ea9a8629ce404566d875895208dabe82c99fbe;1;1;1;0.0;0;4;198;YES;5;53;1280;256;212.5;256;NO
BOOKKEEPER;5;ea5a13d748918f495ad1cb1e37c0f995e3d53072;1;1;1;0.0;3;0;325;YES;5;60;1275;3;2.0;3;NO
BOOKKEEPER;5;f31a366fa581b5561bc51d6dd06ce2ebfe3c9f03;1;2;3;0.0;70;0;928;NO;5;55;1275;2;1.0;2;NO
BOOKKEEPER;5;d40d380363f7ab608231e91b84dd94e3478f3773;1;1;1;0.0;1;0;1247;YES;5;11;1275;255;214.5;255;NO
BOOKKEEPER;5;f4d189431ee77d1133b617dba9e939756cb9d721;1;1;1;0.0;2;0;693;YES;5;0;1270;254;213.5;254;NO
BOOKKEEPER;5;040a442bef5b93143a9e07c0b601fddea88c5712;1;1;1;0.0;1;0;692;YES;5;11;1265;253;212.5;253;NO
BOOKKEEPER;5;cda181255f0bb2ebc1a69f75b2b6f84b50c4fba0;1;1;1;0.0;0;0;188;YES;5;37;1260;72;59.5;72;NO
BOOKKEEPER;5;5b7b6835c74a11162164e90e66bb05a84411a8c2;1;2;2;0.0;43;0;466;YES;5;26;1260;71;69.5;71;NO
BOOKKEEPER;5;26731c770bf8e3cb54ec0466c027b6e313983bba;1;3;11;12.419.460.322.060.400;811;900;629;NO;5;32;1260;252;213.0;252;NO
BOOKKEEPER;5;3bcabc5adb48e75dd041384ebcbb0017d56c3299;1;2;3;0.0;15;0;919;YES;5;14;1255;70;69.0;70;NO
BOOKKEEPER;5;3902ae5a6056ba6348f71c873d23f74ac32cebef;1;1;3;0.0;0;59;150;YES;5;227;1255;69;68.0;69;NO
BOOKKEEPER;5;f060c0d2745b47314562bc94ecb5f525e2addb07;5;19;41;4.844.601.433.461.100;70;11;2009;NO;5;98;1255;1;0.0;1;NO
BOOKKEEPER;5;b4bac04a8141fa116223de8028471facbe343555;1;2;2;0.0;73;0;885;NO;4;26;1004;251;215.0;251;NO
BOOKKEEPER;5;e95b9392d4ba38c68617dff16de53e523d8ea51b;1;18;147;0.0;29124;0;0;NO;4;0;1000;250;215.5;250;NO
BOOKKEEPER;5;7bed2a74a98f49b31c1653a513944f60a359776c;1;3;3;0.0;32;6;300;YES;4;27;996;249;214.5;249;NO
BOOKKEEPER;6;8dafa943a1d5a1cf562d94cc6d2f656e0c0be17e;1;2;3;0.0;80;0;1148;YES;5;30;1445;89;64.0;89;NO
BOOKKEEPER;6;3d9bb20a7f7e510bce7c16be392c0ac82c3a3496;1;1;1;0.0;22;0;987;NO;5;74;1445;88;63.0;88;NO
BOOKKEEPER;6;e2013e3f2b2e3e10ce5d1977adac8e073fd0404d;4;13;15;34.296.753.047.646.100;82;0;862;NO;5;237;1445;87;62.0;87;NO
BOOKKEEPER;6;dea488afbf4615e4416079f5517a6e3ae1000c17;1;3;10;0.9182958340544896;10;5;643;NO;5;79;1445;86;61.0;86;NO
BOOKKEEPER;6;441891b2d76b3b0244d00480e0ab70f2d2121d57;1;1;1;0.0;2;0;205;YES;5;186;1445;289;20.016.666.666.666.600;289;NO
BOOKKEEPER;6;bc0eb8b14278999a5c6550fbca6531b862beb12b;1;3;11;2.449.745.614.847.630;37;0;1147;NO;5;103;1440;288;20.316.666.666.666.600;288;NO
BOOKKEEPER;6;aadaae443e1bc70505150a3218a54ff66ebfb921;1;4;7;2.513.645.929.358.370;55;10;734;YES;5;120;1435;287;20.216.666.666.666.600;287;NO
BOOKKEEPER;6;98d6dcec7403c523cfd07cf48ed878e1ab13eae0;1;2;2;1.0;4;11;1021;YES;5;20;1430;286;20.883.333.333.333.300;286;NO
BOOKKEEPER;6;d8e6972385e6662ddcf398fc2de47622a9bef22d;1;2;5;0.9560636062387505;14;2;602;YES;5;122;1425;285;20.783.333.333.333.300;285;NO
BOOKKEEPER;6;c4fd34f0f13a044c0261732ff2dd454acc4b73de;1;4;12;1.573.660.689.688.180;211;20;857;YES;5;111;1420;284;20.683.333.333.333.300;284;NO
BOOKKEEPER;6;f41bb6f8b521e26a0a746530e648a9ca2120af51;1;1;1;0.0;0;3;359;YES;5;156;1415;283;20.633.333.333.333.300;283;NO
BOOKKEEPER;6;2179f1bf6d656d7c5f7e89f2eeaaa0732f0b9608;1;2;2;0.0;82;0;707;YES;5;53;1410;282;20.533.333.333.333.300;282;NO
BOOKKEEPER;6;94d65d8d2e3239ad0694d3c2252fca0e3dbea8b3;1;2;3;0.7219280948873623;90;0;999;YES;5;116;1405;281;20.833.333.333.333.300;281;NO
BOOKKEEPER;6;d1ad860f8e83530e0d8f1498a35da2e9fbb85962;1;2;2;0.0;77;0;923;YES;5;102;1400;280;20.783.333.333.333.300;280;NO
BOOKKEEPER;6;22509a7a2c8acbd5cce182529169fc0057e55b0d;1;2;3;15.545.851.693.377.900;44;2;487;YES;5;116;1395;279;20.950.000.000.000.000;279;NO
BOOKKEEPER;6;d3328c5a78137de5416f3d8bc1f269f2ac648e6b;1;3;3;0.0;45;0;1139;YES;5;29;1390;278;20.866.666.666.666.600;278;NO
BOOKKEEPER;6;67ffec189fc77e53a8dcbe666b1695a3b790e8da;2;5;6;21.179.631.753.145.100;0;0;707;NO;5;119;1385;277;20.766.666.666.666.600;277;NO
BOOKKEEPER;6;a889f63d1041a84d6b894874b31681ed35312781;1;2;2;0.7219280948873623;153;0;956;YES;5;119;1380;276;20.666.666.666.666.600;276;NO
BOOKKEEPER;6;61e619c2b2215fca05df3498256e3f0966a668ff;1;1;1;0.0;0;0;923;YES;5;117;1375;85;68.0;85;NO
BOOKKEEPER;6;4a2c740129d506f620dcfbdb5e1e852258a726d2;1;1;1;0.0;6;0;981;YES;5;77;1375;84;67.0;84;NO
BOOKKEEPER;6;f3731732ce984f41b8530939254706f9e597583d;1;2;2;0.0;340;1;192;YES;5;36;1375;82;65.0;82;NO
BOOKKEEPER;6;4d66c36cf8825ab3f9f4a389bddfb924a0df9107;1;3;5;13.787.834.934.861.700;209;0;756;NO;5;135;1375;81;64.0;81;NO
BOOKKEEPER;6;53c208b09483c90207aecf0e27e669ee810619c2;1;1;1;0.0;0;1;383;YES;5;193;1375;80;5.833.333.333.333.330;80;NO
BOOKKEEPER;6;0ce12e55edb179fc55bc9c5749a589a52bb36b3a;1;1;1;0.0;16;0;846;YES;5;185;1375;79;5.733.333.333.333.330;79;NO
BOOKKEEPER;6;ed3bb58f5cc5cd4176573cb696bb7277c628b26a;1;2;3;1.0;13;0;584;YES;5;184;1375;275;20.716.666.666.666.600;275;NO
BOOKKEEPER;6;0d9708c65998f48ba9b692ff5532251a0e1b8bc9;1;1;1;0.0;2;0;355;YES;5;18;1370;274;20.716.666.666.666.600;274;NO
BOOKKEEPER;6;ad11d4144dbf024fcdfd22a2a043c7790f940dc3;1;1;1;0.0;2;0;361;NO;5;99;1365;273;20.616.666.666.666.600;273;NO
BOOKKEEPER;6;bf3224adf56b74e7d8c2792eec9dcdab9c49e3d3;1;2;2;0.2351933818192415;112;0;691;YES;5;47;1360;272;20.566.666.666.666.600;272;NO
BOOKKEEPER;6;0cd4be8fde5206d956addd29cbad0391ceca1716;1;2;2;0.0;26;0;572;YES;5;14;1355;80;66.5;80;NO
BOOKKEEPER;6;119e2034303b45478123a0fa62c1c48925b201c1;1;2;2;0.9182958340544896;40;2;273;YES;5;152;1355;79;65.5;79;NO
BOOKKEEPER;6;01cccee0298f3e0f9d32acc550ed94a7c9fafdfd;1;2;2;0.0;78;0;1132;YES;5;0;1355;271;20.616.666.666.666.600;271;NO
BOOKKEEPER;6;a3de791cb79873c4f9b99e7ac1b9ade75ea225ac;1;3;3;0.0;45;0;1126;YES;5;59;1350;270;20.516.666.666.666.600;270;NO
BOOKKEEPER;6;fce6d459242361e2363b9b92f8c764b04c7ddfd7;1;11;15;2.861.970.277.806.970;432;30;1114;NO;5;96;1345;78;5.666.666.666.666.660;78;NO
BOOKKEEPER;6;5ef7f760d8ccf2bc765e77891447ed050926f4a3;1;1;1;0.0;2;0;268;NO;5;157;1345;77;5.566.666.666.666.660;77;NO
BOOKKEEPER;6;1c04906c0077d228076c3d157d815e5c7219bb0c;1;6;23;15.567.796.494.470.300;3699;31;999;NO;5;33;1345;269;20.616.666.666.666.600;269;NO
BOOKKEEPER;6;ccc9545c4565c337ef6ea06004149de75b4dd3af;1;2;7;13.357.961.471.979.600;97;0;1038;NO;5;120;1330;75;53.833.333.333.333.300;75;NO
BOOKKEEPER;6;4c89310f8b8e09f2ad394a7e7fd5fffc8f51e701;1;2;2;0.0;174;0;792;NO;5;36;1330;266;209.5;266;NO
BOOKKEEPER;6;c2bb7ffb366d5c1942ee2e040516af749a705115;1;2;3;0.9182958340544896;192;141;1255;NO;5;41;1325;265;209.5;265;NO
BOOKKEEPER;6;f86e4929ef9c0ddfa7d26d230caefa369a2a0dde;1;1;1;0.0;0;1;402;NO;5;129;1320;74;58.0;74;NO
BOOKKEEPER;6;3a4f8920ba5017ef37d7641d3d5f0eeb0bbc590b;1;2;3;0.0;96;0;648;NO;5;192;1320;73;57.0;73;NO
BOOKKEEPER;6;d175ada58dcaf78f0a70b0ebebf489255ae67b5f;1;3;13;2.375.831.656.260.630;358;0;1248;NO;5;86;1320;264;210.5;264;NO
BOOKKEEPER;6;685ca079690f8be2cbcfacb615fc0eb5a798b8da;1;2;5;14.974.830.786.950.900;188;0;979;YES;5;69;1315;263;210.0;263;NO
BOOKKEEPER;6;cdf138e24b76f934721eb1e82a226d0be296b838;1;1;1;0.0;0;0;691;YES;5;13;1310;77;72.0;77;NO
BOOKKEEPER;6;b118823702e946ccdeb14843e2691fdd760a59e4;1;4;9;2.650.770.749.004.510;94;9;601;YES;5;86;1310;262;211.5;262;NO
BOOKKEEPER;6;c8f9135e7d3147a2a474df31b430b8c403e2792a;1;2;2;0.0;62;0;356;NO;5;24;1305;261;210.5;261;NO
BOOKKEEPER;7;694568b0ff0d048c284c8d5db0c9455d30dfa3ce;1;4;8;0.9978331126389139;380;8;1096;NO;5;24;1520;304;16.783.333.333.333.300;304;NO
BOOKKEEPER;7;7b44d9552d8b854160278582db3f5ca07882358a;1;1;1;0.0;0;0;83;YES;5;263;1515;104;69.0;104;NO
BOOKKEEPER;7;9b1e561cb5e4f081f40bf8b751bcc2c16226092e;1;3;10;15.868.387.033.775.400;285;0;1166;NO;5;35;1515;303;16.683.333.333.333.300;303;NO
BOOKKEEPER;7;23f3760dd5d79e6894616834aa41d59089c9548a;1;1;1;0.0;4;0;127;YES;5;73;1510;302;16.583.333.333.333.300;302;NO
BOOKKEEPER;7;75f103d9d6694ae0116fe741a2dfbf60e3c63ce1;1;2;10;24.947.271.182.589.900;317;0;1038;NO;5;102;1505;103;68.0;103;NO
BOOKKEEPER;7;96cc0e11ca2166a5e5326be4ead0dab595b7e4bc;1;6;10;22.089.873.002.588;767;219;1070;NO;5;38;1505;102;67.0;102;NO
BOOKKEEPER;7;78c0d2515f2e381b2c690bdbf2bf9bad03d1250c;1;6;11;14.966.407.621.868.500;375;21;1028;YES;5;206;1505;301;16.516.666.666.666.700;301;NO
BOOKKEEPER;7;da8864ad7cd53d302eb27ab31f942bdbae160a98;1;5;12;19.175.143.929.109.800;178;0;1161;NO;5;92;1500;300;16.433.333.333.333.300;300;NO
BOOKKEEPER;7;79a73f0f71be5701b44ab47c14f92945989b1417;1;1;1;0.0;6;0;779;YES;5;72;1495;101;67.5;101;NO
BOOKKEEPER;7;5c3a30f8e423da51b1ee03173a336400335de3b8;1;3;3;0.5032583347756457;2;0;531;YES;5;59;1495;81;4.333.333.333.333.330;81;NO
BOOKKEEPER;7;34c260bfc7db379351fa8807897603b9a9b9012b;1;4;10;2.384.602.696.255.580;143;3;1164;NO;5;32;1495;100;72.0;100;NO
BOOKKEEPER;7;7c7e009691bc24642018e4f5c81123a0667d4e8b;1;3;12;31.916.116.417.513.700;90;0;1124;NO;5;75;1495;299;18.366.666.666.666.700;299;NO
BOOKKEEPER;7;67dccebdbee27476657898a370c4f1808231fc4b;1;1;1;0.0;71;0;71;YES;5;121;1490;298;1.910.000.000.000.000;298;NO
BOOKKEEPER;7;eb7066a02a50e2b15e66dfd4e99706ecf79454e6;1;1;3;0.0;294;0;0;NO;5;0;1485;97;71.0;97;NO
BOOKKEEPER;7;ea4a13a45d8d2102f5f0098e404d3de66777a39b;1;2;2;0.1392329990550989;48;0;609;YES;5;8;1485;297;1.970.000.000.000.000;297;NO
BOOKKEEPER;7;f345cb9472250eca2b724fa14b8d2c08425b6a2f;1;1;1;0.0;9;0;292;YES;5;1;1480;96;70.0;96;NO
BOOKKEEPER;7;6c6ec2b2f9cb1aff37001f3d9f002cc820096404;2;2;9;0.0;634;0;0;NO;5;0;1480;296;1.960.000.000.000.000;296;NO
BOOKKEEPER;7;cd05194d8bbb03a08d8d9fbeb09738bd8a2e09a8;1;1;9;0.0;502;0;0;NO;5;0;1475;295;1.950.000.000.000.000;295;NO
BOOKKEEPER;7;2d0cd0d1b9d41f3b600f6dac308c6d34317ae676;3;5;11;10.562.901.796.690.800;134;0;801;YES;5;71;1470;95;69.0;95;NO
BOOKKEEPER;7;bf5c1838b4b0d764aa9f24842643fd9339610b9c;1;2;13;20.483.717.714.933.900;413;21;1121;NO;5;135;1470;294;19.883.333.333.333.300;294;NO
BOOKKEEPER;7;9602c32f16184e10873d53c269e270e3cd0ebeed;1;3;6;10.717.113.831.944.200;279;33;1154;YES;5;12;1465;94;68.0;94;NO
BOOKKEEPER;7;24dc8ac30c97620cf4dbef48deff2bb957932eb8;1;1;1;0.0;17;0;721;YES;5;42;1465;93;67.0;93;NO
BOOKKEEPER;7;33ea58027b0a3ba160f7ac19d20568709f453f4d;1;2;3;0.8112781244591328;32;0;1026;YES;5;11;1465;293;20.116.666.666.666.600;293;NO
BOOKKEEPER;7;a3575c3ebcb323a53d7a193488453aa44557c97a;1;1;1;0.0;23;0;167;YES;5;34;1460;292;20.016.666.666.666.600;292;NO
BOOKKEEPER;7;16978d671b8d6d9e563edb3a6119a4be574245af;2;16;72;6.142.664.355.548.850;0;0;1154;NO;5;149;1455;291;19.916.666.666.666.600;291;NO
BOOKKEEPER;7;dc1f36e982f3fc2955141c8e0de5e04c6ac06053;1;1;1;0.0;32;0;0;NO;5;0;1450;92;66.0;92;NO
BOOKKEEPER;7;bedfebf93f8c9f93fac19bd58005dce6e0ffbd17;2;7;24;3.945.211.967.767.580;532;7;1154;NO;5;116;1450;91;65.0;91;NO
BOOKKEEPER;7;d9f4e60c850291d17e12ed44776b88cf02335701;1;1;1;0.0;12;0;185;YES;5;9;1450;290;19.816.666.666.666.600;290;NO
BOOKKEEPER;7;0f853a49d7e6899151f63ae9b1912ed936e5a5fb;1;3;9;2.259.558.909.068.780;952;762;1009;NO;5;107;1445;90;64.0;90;NO
