Project;Release;Commit;NS;ND;NF;Entropy;LA;LD;LT;FIX;NDEV;AGE;NUC;EXP;REXP;SEXP;Actual_Defective
OPENJPA;1;f37d9f8d615cae73b620186f930a49dd0e402be2;1;1;1;0.0;0;0;130;NO;7;0;392;36;35.0;36;NO
OPENJPA;1;96e534a165efa3d67c094919deafd96c17ceacf0;1;3;3;1.5;2;0;3524;NO;7;0;392;56;55.0;56;NO
OPENJPA;1;45c89bd4556cdf21f7fc96327298a06825c51377;1;1;1;0.0;0;1;131;NO;7;0;385;35;34.0;35;NO
OPENJPA;1;8adfc84d9cfeb01a217d726a20b55df41a487448;1;1;1;0.0;6;0;125;NO;7;17;385;34;33.0;34;NO
OPENJPA;1;dcb47f0fe406c5d926c2d0e654b6690a15111cf1;2;4;4;2.0;1;0;3524;NO;7;16;385;55;54.0;55;NO
OPENJPA;1;fe71475a594d1023cbbc8a52316413a9f1d823c0;2;2;3;1.0735765629077578;0;41;1688;NO;7;6;378;47;46.0;47;YES
OPENJPA;1;746ebdfdc93bdc6a389a3e4fd869d8ac8a5ff7cd;1;1;1;0.0;0;7;1129;NO;7;0;378;46;45.0;46;YES
OPENJPA;1;d0f15b881a4bbccb062c8da0c83873a2d27496b2;1;1;1;0.0;10;0;1119;NO;7;1;371;12;11.0;12;NO
OPENJPA;1;6e262960ae1b0d3a853a25dc514ab208afe139bc;1;1;1;0.0;16;0;1103;NO;7;22;371;11;10.0;11;NO
OPENJPA;1;3aaa66ee7fe41ab26559c4593cb75a832e09229e;1;1;2;0.0;7;0;1617;NO;7;22;371;45;44.0;45;NO
OPENJPA;1;9af2df4d096a08955ed878f15654d0ca4c192cb2;1;1;1;0.0;23;0;117;NO;7;31;371;27;26.0;27;NO
OPENJPA;1;1aec5d3dde6d8e96e9bf537b74e87a149df29c20;1;1;2;0.0;195;0;1615;NO;7;1;371;9;8.0;9;YES
OPENJPA;1;6f0a7f67da77101bd7bf2d82ee518e40485b279f;2;3;6;0.35335933502142136;289;0;721;NO;6;11;318;25;24.0;25;YES
OPENJPA;1;d5bb522c34f07740b5a89ecae4c51ede74fbe51b;2;5;6;2.113283334294875;46;1;1655;NO;6;19;318;44;43.0;44;NO
OPENJPA;1;9de53954861ed7f57e92be0c1054befec56d0af2;2;5;26;2.3408553639005825;174;25;2185;NO;6;14;318;43;42.0;43;YES
OPENJPA;1;978bc40091963f9a89f08b64a4163687a0d9fec7;1;1;1;0.0;4;0;1611;NO;6;27;318;42;41.0;42;NO
OPENJPA;1;037a45d7e4a7b57146b33c70598b9376374f21de;2;3;90;5.76730888144864;228;153;838;NO;6;22;318;41;40.0;41;YES
OPENJPA;1;eb2b5e65516d55cb7fd75c92f7a70c0216f28104;1;1;1;0.0;0;0;2835;NO;6;0;318;40;39.0;40;NO
OPENJPA;1;69b83ac3ffdc0421d5a8c68a7d825bc87169a91b;1;3;17;2.817034327601267;62;2;2799;NO;6;14;318;39;38.0;39;YES
OPENJPA;1;2ccc2426791f4846704098e8564753faad665442;2;6;25;3.488355666234181;101;68;3727;NO;6;22;318;38;37.0;38;YES
OPENJPA;1;c8af68ac7db71fb2fd8a3829da4df64050ba6208;1;1;1;0.0;0;3;294;NO;6;6;318;53;52.0;53;NO
OPENJPA;1;daf1f35793c8fb17850579d24fd6d18a3c1e1249;1;1;1;0.0;1;0;158;NO;6;0;312;37;36.0;37;NO
OPENJPA;1;0821efea407c5dfca8c4b359deb5038c06dd4404;1;1;1;0.0;11;0;147;NO;6;7;312;36;35.0;36;NO
OPENJPA;1;26ae2fa31c9efe109e0fa7ab73326a1650582b4d;1;1;1;0.0;0;0;670;NO;6;2;312;35;34.0;35;NO
OPENJPA;1;132602e3d20efd612f21835bd48c2f9aebaa300f;1;1;1;0.0;1;0;193;NO;6;1;312;34;33.0;34;NO
OPENJPA;1;174bbd211f7b592a702a549f42f2385a7282ce1e;1;1;1;0.0;0;1;194;NO;6;0;312;33;32.0;33;NO
OPENJPA;1;aba057d644f135f324b1f5878ded921536b9127b;5;9;17;2.9885210618838576;159;11;1439;NO;6;11;312;32;31.0;32;YES
OPENJPA;1;07a13ab9086bca3880846953da5d29b6246ac076;1;2;2;0.0;9;0;3515;NO;6;7;312;4;3.0;4;NO
OPENJPA;1;3e758faf25866656ffe70054c9ebaf88d00483ef;1;1;1;0.0;0;0;974;NO;6;1;312;31;30.0;31;NO
OPENJPA;1;fd74642a178aa6fbbece1db6ea89aa161eba78d5;1;1;1;0.0;4;0;178;NO;6;21;312;30;29.0;30;NO
OPENJPA;1;5bef32e5164bca30a252b9863e6fcc8f4051b00a;2;2;2;0.32984607020714635;13;0;632;NO;6;6;312;29;28.0;29;YES
OPENJPA;1;a120874a44f75cb61362a741f1e204a89fd20ab6;1;1;4;0.0;52;0;429;NO;6;20;312;3;2.0;3;YES
OPENJPA;1;6234f8d3da7d38864cf7c8460a23113a51313f01;4;27;83;4.612212893350131;198;137;4793;NO;6;17;312;52;51.0;52;YES
OPENJPA;1;1e6d57eb5504f67179eb90224c8d243b5d324078;1;1;1;0.0;38;0;1141;NO;6;11;306;28;27.0;28;YES
OPENJPA;1;b499aded0d302ea393559215aafc6ceea242452d;1;1;1;0.0;1;0;894;NO;6;4;306;27;26.0;27;NO
OPENJPA;1;d293c449b1d8a6288a93b700029a2811a2e9e416;1;1;1;0.0;0;0;3514;NO;6;1;306;26;25.0;26;NO
OPENJPA;1;f7f225f96dbde0c6ec46a67cf0f8c0a512eb221b;2;5;8;2.067130688335406;2;5;4793;NO;6;2;306;25;24.0;25;YES
OPENJPA;1;8e668339157786e48087de6f33432b8337d86716;1;1;1;0.0;1;0;3514;NO;6;0;306;7;6.0;7;NO
OPENJPA;1;8c2c40dfe133a1493d5b0d5b8e26ce16eaf5b0d0;1;1;1;0.0;25;0;3489;NO;6;10;306;6;5.0;6;NO
OPENJPA;1;f70f99e638dad59987486faa23597cfd077c7a10;1;1;1;0.0;0;4;3730;NO;6;1;306;24;23.0;24;NO
OPENJPA;1;1a2d048f3df28611a51888d74599285664d3ed30;1;1;3;0.0;41;0;1612;NO;6;5;306;5;4.0;5;NO
OPENJPA;1;ca83f07b459322422b7916f04307b81a553ca193;1;1;1;0.0;0;0;664;NO;6;16;306;23;22.0;23;NO
OPENJPA;1;77e7d9737910e0c4ca99a23d95e0b1dada447e9e;2;2;2;0.0;3;0;1611;NO;6;6;306;22;21.0;22;YES
OPENJPA;1;d1df9344fe663afd0b67f4f81e0b302393647e42;2;2;3;1.224394445405986;0;0;1405;NO;6;5;306;21;20.0;21;NO
OPENJPA;1;bc10dd2efd0ab6bd196eecc51d0b31275709ec3d;1;1;1;0.0;0;4;191;NO;6;9;306;20;19.0;20;NO
OPENJPA;1;0167f87b325cca36dcde23eb43ee5fea5155953b;1;1;1;0.0;60;0;0;NO;6;0;306;19;18.0;19;NO
OPENJPA;1;eb333839db0a818146534fa48745197f5008df6d;2;2;3;1.299750172531223;29;0;3726;NO;6;2;306;18;17.0;18;YES
OPENJPA;1;a6b57c2e9cdfd3524d507ef220e85a1781acc4f2;1;1;1;0.0;2;0;1411;NO;6;0;306;17;16.0;17;YES
OPENJPA;1;f2a266c4c2dde0124814c16776f020c120a8ccf2;1;3;3;1.2627409847339333;6;10;2998;NO;6;0;306;16;15.0;16;YES
OPENJPA;1;b3f8f9de489afbc4bfa18bacaf8e3101944c0510;1;2;2;0.0;45;0;2970;NO;6;1;306;4;3.0;4;YES
OPENJPA;1;df439896898c5fa9510c50863c917a5f54e4313f;1;1;1;0.0;5;0;864;NO;6;0;306;15;14.0;15;NO
OPENJPA;1;3f82b8aec0fc19d320402e5705d09308fc6e1a57;1;1;1;0.0;4;0;860;NO;6;14;306;14;13.0;14;NO
OPENJPA;1;b2e1912dc7dd87c741ee2855a740e964454f74f1;4;5;9;2.6946276868547967;58;1;983;NO;6;9;306;13;12.0;13;YES
OPENJPA;1;20d59900983f720ec9636da82e802a318dc44812;1;1;1;0.0;0;1;1412;NO;6;5;306;12;11.0;12;NO
OPENJPA;1;a98213071a3b218813ea11c6a69d276945ef13e3;2;3;3;1.584962500721156;3;4;2188;NO;6;6;306;11;10.0;11;YES
OPENJPA;1;021c4b85d5dc7e09d9339482fe0ddeacb40af7cd;1;1;1;0.0;1;0;321;NO;6;4;306;3;2.0;3;NO
OPENJPA;1;e889cd2aefeed17de3b84a58c586e3a44e5feacf;2;5;5;1.584962500721156;6;17;2983;NO;6;5;306;51;50.0;51;NO
OPENJPA;1;eb96e89f4d55d240fdfcb3ea236492f84312a8af;1;1;1;0.0;16;0;378;NO;6;13;300;50;49.0;50;NO
OPENJPA;1;803e15990dbd28a5ee35523d82c24d2b5aaf3dff;1;1;1;0.0;7;0;180;NO;6;13;294;24;23.0;24;NO
OPENJPA;1;72398bcea0e300802ed74db167649a28c1c2d88c;1;1;1;0.0;1;0;972;NO;6;4;294;49;48.0;49;NO
OPENJPA;1;a95e7007cf7cf208b8dbade6b633cfb1d2d164fc;1;1;1;0.0;0;1;1019;NO;6;12;288;10;9.0;10;NO
OPENJPA;1;2fd7381e5342d83861504517d3ab27d2b5569a79;2;3;3;0.0;28;1;569;NO;6;10;288;9;8.0;9;NO
OPENJPA;1;696cbee04b6d5d27e1473f3feac5ba227e37987c;1;1;1;0.0;2;0;2981;NO;6;3;288;8;7.0;8;YES
OPENJPA;1;f279a6790b13829dda3c0c741bd6f97a93159dc4;1;2;3;0.0;42;0;1420;NO;6;3;288;7;6.0;7;NO
OPENJPA;1;979d2340e93eaaa9f273a100dbe78e42ea9ed400;4;14;138;6.143692360344758;538;683;4801;NO;6;7;288;6;5.0;6;YES
OPENJPA;1;3b6518f17455c07a475412311a950bded5701fbc;1;1;1;0.0;2;0;1438;NO;6;3;288;2;1.0;2;NO
OPENJPA;1;604703c6d1e9c9920eaa09932d027007acd37617;1;2;3;0.41381685030363374;88;9;321;NO;6;10;288;5;4.0;5;YES
OPENJPA;1;c105fe6094531558832760a4eafc1218aff30714;2;3;3;0.0;1;52;186;NO;6;9;288;3;2.0;3;NO
OPENJPA;1;7268ed8f805241fd4e21343020d301f827c381af;1;1;1;0.0;2;0;369;NO;6;9;288;2;1.0;2;NO
OPENJPA;1;1236605135400dd42e4942d25cff310ac304dac0;5;7;11;0.0;0;12;2965;NO;6;2;288;48;47.0;48;NO
OPENJPA;1;650ca6f27f3fa50965004a5c656420e1b188f897;1;1;1;0.0;0;3;94;NO;6;2;282;47;46.0;47;NO
OPENJPA;1;64db31069570bd99547f26c77d8f8174c8d7d0a1;2;2;3;0.0;9;0;1415;NO;6;4;276;46;45.0;46;NO
OPENJPA;1;f75ef7b7f93714ee6e4ae6f9dc8d2dc7cffa9af2;1;1;1;0.0;0;0;161;NO;6;7;270;21;20.0;21;YES
OPENJPA;1;0bf2166ede8a848174331605897bb2fed84a4f98;1;1;1;0.0;2;0;66;NO;6;1;270;45;44.0;45;NO
OPENJPA;1;5556a4085c4386547d32e7904c421d79d03bb629;1;1;1;0.0;0;0;625;NO;6;6;264;44;43.0;44;NO
OPENJPA;1;bbb2d060b004901c62301d5e9cbd28bbb68f9302;1;1;2;0.5665095065529053;0;20;1415;NO;6;3;258;43;42.0;43;NO
OPENJPA;1;e9aa22eddc521128fa8dd0a97215eb0dfee5388c;1;1;2;1.0;0;0;1415;NO;6;0;252;6;5.0;6;NO
OPENJPA;1;3b1cb17cbae7af2b985e3e7c11833282d1db58a2;7;21;73;4.48872047394727;263;154;4795;NO;6;4;252;1;0.0;1;YES
OPENJPA;1;884ff1b86393b49d0d88fc95a7b80511dd9cb7c3;2;7;24;2.531950183664495;107;56;4799;NO;5;5;210;1;0.0;1;YES
OPENJPA;1;42136d9d12d3e718f84d2d84c2bc9019efb1c264;1;1;1;0.0;0;2;900;NO;4;3;168;2;1.0;2;NO
OPENJPA;1;a9bb3a637797351178d7a33745e834519005ee61;1;1;1;0.0;11;0;1080;NO;4;5;168;1;0.0;1;YES
OPENJPA;1;7ded1815868d29a41f78c767e6234bbcf08a8532;1;1;1;0.0;0;1;1422;NO;3;4;126;4;3.0;4;NO
OPENJPA;1;aafabcf1694d1627c0b48db51b26f409e4c1700a;1;1;1;0.0;21;0;96;NO;3;4;126;3;2.0;3;NO
OPENJPA;1;775c33d4fc177c010f40400bd3e2085d787cfac8;1;1;1;0.0;0;0;604;NO;3;4;126;2;1.0;2;NO
OPENJPA;1;7f6a84d433fc5a0a52cdeae06e5b7a955e59076c;1;1;1;0.0;0;27;915;NO;3;2;126;1;0.0;1;YES
OPENJPA;1;ca8633ab49759e186ca79a4d9c66c394c16693f5;3;3;3;1.584962500721156;2;0;933;NO;2;1;84;42;41.0;42;NO
OPENJPA;1;b028e31507fc194b4e57bbb3ce4a5fd78fa2f98e;1;1;1;0.0;0;2;75;NO;2;2;82;41;40.0;41;NO
OPENJPA;1;958386b2b2d4e5a68da35c9ca6401817adb92286;1;1;1;0.0;0;1;731;NO;2;2;80;40;39.0;40;NO
OPENJPA;1;7bd0d044e3b65fc046fce6fccad65a8d85d5ced4;1;1;2;0.9182958340544896;6;0;454;NO;2;1;78;39;38.0;39;NO
OPENJPA;1;fc9321f35e252d60186482393d63e967587af2d2;2;2;3;1.1567796494470395;0;28;4801;NO;2;1;76;38;37.0;38;YES
OPENJPA;1;09e89d9cbb2523696e19ac6c1bca52d6b3b6ebe1;1;1;1;0.0;0;0;454;NO;2;1;74;37;36.0;37;NO
OPENJPA;1;a1f4fd3eb0c3e7e80f73c1a06bc0cb7c29249503;3;3;7;2.0563183747208775;0;45;1635;NO;2;1;72;36;35.0;36;YES
OPENJPA;1;b108a39e7ec1719df17034f9f0083477be816951;8;38;945;0.0;0;0;4801;NO;2;3;70;35;34.0;35;YES
OPENJPA;1;aad47c26bdcb9edfef7f2022d1605d0f7b698a90;2;8;22;1.584962500721156;0;56;2795;NO;2;0;68;34;33.0;34;NO
OPENJPA;1;7d1c8fccafcd31919a79edf46969c5662e2704b5;8;30;447;5.027052165086984;78822;1036;4974;NO;2;1;66;33;32.0;33;YES
OPENJPA;1;f9eb746445e84c4d2fab223175ed54cdac45cede;1;1;1;0.0;24;0;0;NO;2;0;64;32;31.0;32;YES
OPENJPA;1;89f6359ebc163a62f246fc2c9057b6b7071d7ece;2;3;4;0.0;14;42;1415;NO;2;3;62;31;30.0;31;NO
OPENJPA;1;19b401bcc7a1059ac04de3a9abce2d3a99121cf1;2;3;4;1.061278124459133;15;1;949;NO;2;1;60;30;29.0;30;NO
OPENJPA;1;99eb918da3e5dbf1253a57e2b0a2b41f666457a4;1;3;4;1.0;91;0;1555;NO;2;2;58;29;28.0;29;YES
OPENJPA;1;6936fc0d59ddfdbd903580572acd198cd53b86e5;1;1;1;0.0;0;3;568;NO;2;2;56;28;27.0;28;YES
OPENJPA;1;2d8ee34a01f6e0b08b2be44f15e434d16523ea9d;3;6;13;2.2763304487117604;104;12;1426;NO;2;1;52;26;25.0;26;YES
OPENJPA;1;32baa428fe8f575255f2e18987689d05d04f58b3;2;4;5;2.23577593064482;19;0;609;NO;2;1;50;25;24.0;25;YES
OPENJPA;1;6577d2f166a07688870db4014961ec1f8b5b4ead;2;3;3;0.6567431466322969;0;24;305;NO;2;0;48;24;23.0;24;NO
OPENJPA;1;1baedb7e8a81e33e731ade1bd35a13ae01683224;1;1;1;0.0;2;0;3499;NO;2;0;46;23;22.0;23;NO
OPENJPA;1;e27f636729b8e1fe67f8f6fdb741c962f04fe9cb;2;10;20;3.9353986674667634;1;6;3499;NO;2;1;44;22;21.0;22;NO
OPENJPA;1;7cf69d8bccc218d9013f81574916e9ae06afbd68;5;23;584;8.291070999472801;404;327;4979;NO;2;1;42;21;20.0;21;YES
OPENJPA;1;4ddf63ea3f0ed80c6efa8877201d909900965244;4;20;50;4.2386706203351965;5;170;4980;NO;2;1;40;20;19.0;20;NO
OPENJPA;1;4bc5b3bd0f9b0df5259b93666555f1a45b6f0f57;1;3;3;1.5219280948873621;0;6;3026;NO;2;1;38;19;18.0;19;YES
OPENJPA;1;26ee3648c3985b0e9b69201c3725a37518759aee;3;5;11;1.9488593407620451;0;71;3542;NO;2;0;36;18;17.0;18;NO
OPENJPA;1;3feb467900547ecac8be5acadcdb02f79433db33;1;7;107;0.0;0;22832;2635;NO;2;0;34;17;16.0;17;NO
OPENJPA;1;7a6d34e95f66e916e44b844b1ce6551ba8169539;6;27;490;7.582739423463279;6334;2;4565;NO;2;1;32;16;15.0;16;YES
OPENJPA;1;b9636bb8786de3ffbc3c897f4fe5f38e979c9df7;3;3;8;1.584962500721156;72;0;1310;NO;2;0;30;15;14.0;15;NO
OPENJPA;1;1fede626e2cad16f7bb4d77dd9fc3270a8b6b331;6;38;721;6.733379876594961;93769;20;2617;NO;2;4;28;14;13.0;14;YES
OPENJPA;1;00652be8fdb0007e6b0b624a370b9837c2854019;1;1;1;0.0;3;0;344;NO;2;10;26;13;12.0;13;NO
OPENJPA;1;f025bd4015c8b5969bdcf8f71a16674c42060105;1;1;1;0.0;0;0;222;NO;2;1;24;12;11.0;12;NO
OPENJPA;1;bf8ffa5ced5bda9a67d87fc43bd4336509112e74;2;24;282;7.134347225010649;3027;7251;2847;NO;2;1;22;11;10.0;11;YES
OPENJPA;1;67410de676d5a77588829e97edbe1e251839f99d;1;1;1;0.0;0;162;162;NO;2;0;20;10;9.0;10;NO
OPENJPA;1;46e7dbf647b3ae5653e242218f7723f0b0dd5e89;148;19;412;0.0;61319;34705;1412;NO;2;0;18;9;8.0;9;YES
OPENJPA;1;b9183699ba5e4eb2335772077f2b0d8918767fb8;265;0;265;0.0;34705;28311;1773;NO;2;20;16;8;7.0;8;YES
OPENJPA;1;9d8d5d02e365b7b76477422d3740b692592db8c7;1;0;1;0.0;0;1;30;NO;2;0;14;7;6.0;7;NO
OPENJPA;1;e6584f2f7490ee77caad0c349866c5c395ec086a;1;0;1;0.0;0;965;965;NO;2;0;12;6;5.0;6;NO
OPENJPA;1;b38bdc89ccb582ef006d84d726aebf63b35ccafe;16;0;16;0.0;0;26;1775;NO;2;0;8;4;3.0;4;NO
OPENJPA;1;c64c2ca062ea353fdce8197f45a6fcc7e1d98a38;120;0;120;0.0;29303;0;0;NO;2;0;8;3;2.0;3;YES
OPENJPA;2;16f78782dd4bd189a15d1d1d13b7045872411a91;2;2;2;0.0;80;0;1667;NO;7;9;959;104;103.0;104;NO
OPENJPA;2;8015a253b6672fca2ae5e8ab208003001136d7f1;1;1;1;0.0;0;0;1023;NO;7;53;959;103;102.0;103;NO
OPENJPA;2;15cb2cdf7cf6f481691e92dede407dd89268d141;1;1;1;0.0;8;0;289;NO;7;0;931;133;132.0;133;YES
OPENJPA;2;66f6d907d5b7c251ec0bd4f22a5815a93e59270e;1;1;1;0.0;0;7;296;NO;7;12;924;132;131.0;132;YES
OPENJPA;2;3fdf607c584b948dbf155f34d5300d6200d4077d;1;1;1;0.0;0;2;136;NO;7;21;917;101;100.0;101;NO
OPENJPA;2;32ced33fd59f3abd13e9ea2ace01319fdfd4cfbd;1;1;1;0.0;0;2;997;NO;7;5;917;100;99.0;100;NO
OPENJPA;2;dd5c64694d0c4bc827c62293787ded784a24c6e7;1;1;1;0.0;0;0;352;NO;7;2;917;131;130.0;131;YES
OPENJPA;2;54d9735689246539c022fe547deb16d9870f9e12;2;3;3;1.5;17;0;673;NO;7;20;875;98;97.0;98;YES
OPENJPA;2;b653ae9976b3257f2a8af7f19ef43723a9700722;1;1;1;0.0;0;1;397;NO;7;13;875;97;96.0;97;NO
OPENJPA;2;cf517aa22497980eee0b912670300a85914c83da;1;1;1;0.0;0;9;203;NO;7;0;875;125;124.0;125;NO
OPENJPA;2;08a615efad89b2cdb3a97dd7725e6c1a01237938;1;1;2;0.0;370;0;0;NO;7;0;868;124;123.0;124;YES
OPENJPA;2;728413153f275ae045275e04ca32fc2432bce149;1;1;1;0.0;10;0;1178;NO;7;1;861;122;121.0;122;NO
OPENJPA;2;3a5185700f95200faffad4a355688ad488993234;3;4;6;1.5219280948873621;44;0;1423;NO;7;23;861;96;95.0;96;YES
OPENJPA;2;330654d226614fc769cd7b48717f204380c727e6;1;1;1;0.0;34;0;318;NO;7;99;861;95;94.0;95;YES
OPENJPA;2;a5f3ae42bf81ae12a8816ce74356a8c5f0b67430;2;2;4;0.0;31;30;1435;NO;7;25;861;93;92.0;93;NO
OPENJPA;2;bda2015398ba033ef966ad69bb6b5c8c7d3979af;2;2;3;0.0;33;0;1423;NO;7;22;861;92;91.0;92;NO
OPENJPA;2;301580c06901f378a1d5ddb5555fbf6347e1c126;3;6;39;3.580064417011091;186;3;2347;NO;7;60;861;91;90.0;91;YES
OPENJPA;2;db2128fe02c99ebd61032b5a91df1e33a3c9e86c;1;1;1;0.0;9;0;58;NO;7;76;861;121;120.0;121;NO
OPENJPA;2;54cb8933e3f2c9b41bbd39c7014441ef3391ffbb;1;2;2;0.9182958340544896;0;1;701;NO;7;97;861;90;89.0;90;NO
OPENJPA;2;3e5f4357f185e198d85e408cbeeba4e01b846d80;1;2;7;0.0;0;12;96;NO;7;9;861;89;88.0;89;NO
OPENJPA;2;ead07f40c0d84df2b305344935e41b3addcd0a3d;5;11;16;0.0;225;29;155;NO;7;51;840;113;112.0;113;NO
OPENJPA;2;de3f43a5cdfd6549a20861de50a911920bbd563f;2;1;2;0.0;0;64;181;NO;7;106;840;87;86.0;87;NO
OPENJPA;2;fb770599b09eb179ec9b9a9815941290468175e7;3;3;3;0.2974722489192897;11;1;1663;NO;7;25;840;120;119.0;120;YES
OPENJPA;2;fd57bd62ddb18cb8cd0f69185df0155d1b3a4794;1;1;1;0.0;6;0;291;NO;7;86;833;86;85.0;86;YES
OPENJPA;2;42e0745224c06689c515c57ceddfd74ea012df16;1;1;1;0.0;0;0;164;NO;7;0;833;119;118.0;119;NO
OPENJPA;2;286c870c34982406249acbcc8e799b817178ab2f;1;2;3;0.1773894531859974;198;0;187;NO;7;60;826;15;14.0;15;YES
OPENJPA;2;b40ba51347b7761d8462988b730879530e39c954;1;1;2;0.0;130;0;0;NO;7;0;826;118;117.0;118;YES
OPENJPA;2;71ed42e8c59e6ba343f8bb80a3d7355a52b3886a;1;1;1;0.0;1;0;101;NO;7;28;819;14;13.0;14;NO
OPENJPA;2;535d6a9f9452fd93672d99dd8e05a50beb281b81;1;1;1;0.0;0;41;429;NO;7;0;819;13;12.0;13;YES
OPENJPA;2;8efffbdd4b07489628d6a33730b99b2a8ebcbf8e;1;1;3;0.0;159;0;59;NO;7;9;819;117;116.0;117;YES
OPENJPA;2;3b9fa1f25aa4e19b858e43e3ad8710e2b7dbdba4;2;5;6;1.2730682672043652;16;15;2128;NO;7;41;812;116;115.0;116;YES
OPENJPA;2;7ad13de0b760c4a3addeb8f5495b8680bdf87927;1;1;1;0.0;15;0;60;NO;7;0;805;85;84.0;85;NO
OPENJPA;2;eb777be3acbda2ac8823278e8c8cd275fc3fa30d;1;3;5;0.10865045858255666;170;1;2348;NO;7;17;805;84;83.0;84;YES
OPENJPA;2;92343313fbb0b935fbbc0cfb32bfc14df6b27aac;2;3;3;1.4056390622295662;20;0;434;NO;7;49;805;115;114.0;115;YES
OPENJPA;2;05f7fac8637ae3f5c524e1aaf35ebd4f09798db8;1;1;1;0.0;15;0;414;NO;7;8;798;83;82.0;83;NO
OPENJPA;2;9a2a9072617ffffca3bbbb6713ca337f6d286b88;1;1;1;0.0;6;0;673;NO;7;6;798;114;113.0;114;NO
OPENJPA;2;cd65ce1c4dad2c8d0382db07d573f28497791142;1;1;1;0.0;0;1;144;NO;7;7;791;113;112.0;113;NO
OPENJPA;2;346f6a0d0c9206778358f4d51869a85fa27a44e0;1;1;1;0.0;6;0;428;NO;7;6;784;80;79.0;80;YES
OPENJPA;2;9623c5c6f81b96e1d3f2587fd4697a93aefa3a45;4;9;36;3.0275636169962064;1306;0;4884;NO;7;40;777;111;110.0;111;YES
OPENJPA;2;b4077bd6a64f73fd28c210f265d5ef8b089199dd;2;3;4;0.0;55;0;1773;YES;7;32;770;105;104.0;105;YES
OPENJPA;2;caa1ea4543411cd254d218b1baaa748ebad1633f;2;4;4;1.0676111603502403;95;0;672;NO;7;26;770;79;78.0;79;YES
OPENJPA;2;ac59115c104bca204e9fd0ac5999d0fc7c9995b2;1;1;1;0.0;2;0;670;NO;7;1;770;110;109.0;110;YES
OPENJPA;2;a493e790b7d3a560bcb52872c6aa709dc5b95877;6;16;44;0.0;0;89;4885;NO;7;36;763;78;77.0;78;NO
OPENJPA;2;0a96982e61dadc190d809790e41da922ba715bfb;2;2;3;0.0;244;0;597;NO;7;15;763;77;76.0;77;YES
OPENJPA;2;d54ad1c46b9b3b64aadebfbcdccaf15b08a35e2d;1;1;2;0.0;30;0;58;NO;7;2;763;100;99.0;100;NO
OPENJPA;2;971c846c1047ce96e06a576ecf5d6ef186db6f68;1;1;2;0.0;112;0;0;NO;7;0;763;99;98.0;99;YES
OPENJPA;2;2ed7c2db2abb03d34a9855b3cdf473226f3511e7;1;4;5;0.569190343735683;54;155;459;NO;7;0;763;109;108.0;109;YES
OPENJPA;2;ba1d28973531251d4b3c74cab8c1321cf0e74347;2;2;2;1.0;1;0;458;NO;7;13;756;108;107.0;108;YES
OPENJPA;2;753468d8a19f1c6dcac94ea3fd12ed30791d6fab;1;1;1;0.0;0;0;144;NO;7;100;749;11;10.0;11;YES
OPENJPA;2;228bee20435260e4e4b6df115d6432fcb13f61de;1;1;1;0.0;0;1;55;NO;7;0;749;10;9.0;10;NO
OPENJPA;2;1af459a4966d5f5a2c03fdd00331c2cc6a40c277;1;1;1;0.0;3;0;52;NO;7;0;749;76;75.0;76;NO
OPENJPA;2;ea81e824352cfcaf5753b467c8477c667a3a1902;1;1;1;0.0;0;2;54;NO;7;1;749;75;74.0;75;NO
OPENJPA;2;27563987ef2d4d4dc88e22070a8c3152ae310ca0;1;3;4;0.0;589;0;173;NO;7;24;749;9;8.0;9;YES
OPENJPA;2;ca7a599c96047ddc7225fc1b1e93f590480cd49f;1;1;1;0.0;19;0;108;NO;7;0;749;8;7.0;8;NO
OPENJPA;2;e6647fcc34a6cd8c8de78a05ffa2c6687ea8d0a1;1;1;2;0.0;160;0;0;NO;7;0;749;6;5.0;6;NO
OPENJPA;2;fe3fac675032237b8b67c3dd1a97be79dd4b5798;1;1;1;0.0;0;3;595;NO;7;18;749;107;106.0;107;NO
OPENJPA;2;907647550c98bcaa444bc0baa8637e8d1e23f66b;1;1;1;0.0;4;0;917;NO;7;26;742;106;105.0;106;NO
OPENJPA;2;c8b5b2746e56b5fac35f96fb2b5a82c2705abb79;4;5;7;1.2722595663292235;61;77;3752;NO;7;5;735;105;104.0;105;YES
OPENJPA;2;72594b2ac8692a2502f5ef89902e74b9b3089ef4;1;1;1;0.0;0;8;2850;NO;7;1;728;104;103.0;104;NO
OPENJPA;2;6937856e2b5e1261d7773abd7c45230ca6ddb844;2;3;4;0.39124356362925566;208;0;691;NO;7;25;721;103;102.0;103;YES
OPENJPA;2;f27898f28082a42624d7dd5c7768523ef6b16f61;5;16;44;5.046645440411413;34;39;3755;NO;7;51;714;102;101.0;102;YES
OPENJPA;2;08d69d15a7f03fedfeb872caa9005b89c61560ff;1;3;3;1.2987949406953985;24;3;2834;NO;7;32;707;101;100.0;101;NO
OPENJPA;2;0bc4acc2af7fad13bb2187759eddf748156a3ae6;2;2;3;1.3709505944546687;10;0;499;NO;7;6;686;98;97.0;98;YES
OPENJPA;2;d490f545c48f2d63c88b176e47d30ad3e95df677;2;2;2;0.26676498780302604;0;5;3571;NO;7;41;679;97;96.0;97;YES
OPENJPA;2;dcf691a7273437ffc53336c2d41115ee566fe2dc;5;5;7;2.5397170014624826;5;19;501;NO;7;0;672;96;95.0;96;YES
OPENJPA;2;28910a737467b06f1fefb2d8acae8373664e82cc;5;5;7;1.3787834934861758;41;0;498;NO;7;9;665;74;73.0;74;NO
OPENJPA;2;43f5348782f4600b745f5157a2d9ef7711052785;1;1;1;0.0;0;0;87;NO;7;0;665;73;72.0;73;NO
OPENJPA;2;fb42b621b369d1e2e056f0fb1e9f8bf31a901d84;1;1;1;0.0;4;0;83;NO;7;12;665;72;71.0;72;NO
OPENJPA;2;5e5babb38cebb0f5009f7a87c4781adb1506f610;1;1;1;0.0;0;0;140;NO;7;0;665;71;70.0;71;NO
OPENJPA;2;d3b3b3a2128236ff0b46627364def67a481481c5;1;1;1;0.0;0;0;140;NO;7;0;665;70;69.0;70;NO
OPENJPA;2;e61de9586c4567d143eded4f2471c9eeef0dda29;1;2;2;0.6500224216483541;8;0;653;NO;7;34;665;69;68.0;69;YES
OPENJPA;2;34f6cb589e071d0158ecde59e917bf7109178b6e;1;1;1;0.0;8;0;1877;NO;7;1;665;68;67.0;68;NO
OPENJPA;2;54a3f158113cdb0d209c07ebcadd270121f77b11;1;1;1;0.0;0;0;260;NO;7;0;665;67;66.0;67;NO
OPENJPA;2;fe42d24e9beeeb6ccb7453bf01de8de3329b9600;1;1;1;0.0;2;0;258;NO;7;11;665;66;65.0;66;NO
OPENJPA;2;2ada6c32922f40d755d48aab1ef69d1480773829;1;1;1;0.0;0;0;581;NO;7;80;665;95;94.0;95;NO
OPENJPA;2;1201726c3e25f489bd74608d816a3a06861eaf38;1;1;1;0.0;0;1;1419;NO;7;10;658;65;64.0;65;NO
OPENJPA;2;433475f6ad37062a00916c6a79f7ac08f35bdc4e;3;6;9;2.4459113669274344;57;1;4883;NO;7;26;658;94;93.0;94;YES
OPENJPA;2;223b81db2b560f521a628742a05c2bb59834b9f3;1;1;1;0.0;8;0;1015;NO;7;10;651;85;84.0;85;NO
OPENJPA;2;b25dfe66f43a8229d34a2620407a91abbe9f9e63;1;1;1;0.0;5;0;3750;NO;7;0;651;84;83.0;84;YES
OPENJPA;2;27e8bd48497f9c6ee92e65cc9cf1a0f830ff362a;1;1;1;0.0;9;0;146;NO;7;17;651;83;82.0;83;YES
OPENJPA;2;dc09b619548ae51e4b03625e723b3d7a8e5ff9ed;3;3;4;0.0;12;0;3747;NO;7;51;651;93;92.0;93;YES
OPENJPA;2;c0c4c3c7385bc672b7b70bd3daf1ec9687bd5c3c;3;8;10;1.8674400239988616;72;0;2344;NO;7;45;644;92;91.0;92;YES
OPENJPA;2;1dbb7a90440054478141cf8dfb699529c52e847d;2;2;4;0.0;248;0;730;NO;7;5;637;91;90.0;91;YES
OPENJPA;2;69d8dd3da9ebc66fe308e109b49744dc2c862d1d;1;2;3;1.0529815751302694;20;0;232;NO;7;60;630;90;89.0;90;YES
OPENJPA;2;d0bca27ecda3ec2021c614b6746fe3d36bcfefd8;1;2;2;0.0;10;0;4877;NO;7;17;623;89;88.0;89;YES
OPENJPA;2;361a77c4512821081185300504fa88b304cfbdbd;1;1;1;0.0;1;0;941;NO;7;77;616;88;87.0;88;YES
OPENJPA;2;5337ce10d0a4f00c3b04ca6bfe5cc05a76020afc;2;3;3;1.4949188482339508;2;1;4878;YES;7;37;609;87;86.0;87;YES
OPENJPA;2;8785be46e71c65c4d87ab59203c17771d9faec26;3;4;7;1.0397900138356444;153;0;4845;NO;7;34;602;86;85.0;86;YES
OPENJPA;2;88acae75c16b0f9307377283fee34c0ad3980417;1;1;1;0.0;0;10;1676;NO;7;20;595;82;81.0;82;NO
OPENJPA;2;c1a857c915857cea20155f7fb4c180b631717c8a;2;1;2;0.0;29;28;28;NO;7;17;595;85;84.0;85;NO
OPENJPA;2;afe9acd57616e633d7c4a2278a3885621ba7e3e6;1;1;1;0.0;0;0;513;NO;7;56;581;83;82.0;83;YES
OPENJPA;2;174ae93d41ed8b35ee1ae6490b0baa88b9f990b2;2;3;5;0.3159971329784247;47;22;1786;NO;7;5;574;82;81.0;82;YES
OPENJPA;2;f18ea3dd3359f73a9c384e632d6316d639a10b38;1;1;1;0.0;1;0;242;NO;7;56;567;81;80.0;81;YES
OPENJPA;2;bdae6535ecc59a972cc27a9ca65971d063512f41;3;5;16;3.225859652309589;104;126;4849;NO;7;22;567;81;80.0;81;YES
OPENJPA;2;e30632b60b26430fe4f95dd3f5a3bd79c4a36f9f;2;2;2;0.35335933502142136;18;10;216;NO;7;4;560;80;79.0;80;YES
OPENJPA;2;9fb0a9a6f5220d62e6002e1f1235782439b84abc;1;1;2;0.0;5;0;850;NO;7;0;560;23;22.0;23;YES
OPENJPA;2;923eb32d31d08edc9526a6f6ce9c4ca30357e738;1;1;4;1.89682043644058;38;0;3013;NO;7;2;560;22;21.0;22;YES
OPENJPA;2;f74ac8b6b9f8d6f5c4fdae6798018458687741fc;1;1;1;0.0;23;0;193;NO;7;65;560;80;79.0;80;YES
OPENJPA;2;5eb55ee87ae11f41c4bf3f7b617ef742f5b9d28c;1;1;1;0.0;0;1;140;NO;7;37;553;78;77.0;78;NO
OPENJPA;2;f104321da80a5a17170f910b2ecb63fa331aee26;1;1;1;0.0;2;0;3011;NO;7;0;553;21;20.0;21;NO
OPENJPA;2;d833950424c4f7242d0b512ae72333225cd3705a;1;1;1;0.0;0;7;3018;NO;7;0;553;20;19.0;20;NO
OPENJPA;2;bd340fbe15afd807dfed403a005c1d2a02ba1a8d;2;2;14;2.2173334555582924;169;0;4819;NO;7;1;553;19;18.0;19;YES
OPENJPA;2;98d1da1fba419b8c6aec97dacbd4496a367c9b90;2;2;5;0.5032583347756457;40;38;1670;NO;7;1;553;21;20.0;21;NO
OPENJPA;2;24c51d9fe60896520b2a810fbc6f88ff019a0d35;1;1;1;0.0;14;0;469;NO;7;1;553;20;19.0;20;YES
OPENJPA;2;e1e96406e898ba85af2f6fc47939522d6e8b9758;1;1;1;0.0;15;0;253;NO;7;71;553;77;76.0;77;YES
OPENJPA;2;7baaaf4b760248e0e5fdf63903b00f15a4485f78;1;1;1;0.0;2;0;467;NO;7;1;553;19;18.0;19;YES
OPENJPA;2;3620b80ce40370af5ff7f7be399975919a07465e;1;1;1;0.0;4;0;3567;NO;7;11;553;76;75.0;76;NO
OPENJPA;2;7522db86fdbb787f68368ef13d3cc7fbd47d065f;2;2;14;2.6552367277151627;0;149;4849;NO;7;0;553;18;17.0;18;NO
OPENJPA;2;c6537ccba6e8735d08c658249bbe763fcb145316;2;2;14;2.6552367277151627;149;0;4819;NO;7;35;553;17;16.0;17;NO
OPENJPA;2;9443b9f9bc9783b6591b88be3b5ae039fe5b1884;1;1;1;0.0;0;0;1015;NO;7;0;553;75;74.0;75;NO
OPENJPA;2;a55664495e2f40371a979e5b59286e957573c13b;1;1;1;0.0;0;0;1015;NO;7;0;553;74;73.0;74;NO
OPENJPA;2;46736c60188513202e3cb40c87e1bf89aa09586c;2;2;2;0.0;5;0;967;NO;7;3;553;79;78.0;79;NO
OPENJPA;2;5b9c773c814b1e29c1d58e59e299ff5403ee46a1;1;1;1;0.0;2;0;92;NO;7;0;546;18;17.0;18;NO
OPENJPA;2;9a52726ea2806bd8b43891ec800b399c91bc727b;2;2;5;0.9910760598382222;89;0;1632;NO;7;11;546;17;16.0;17;NO
OPENJPA;2;26a3499fe56803d29b8421fec6c404a46b68f5df;1;1;1;0.0;0;7;159;NO;7;3;546;78;77.0;78;NO
OPENJPA;2;9a40eb69b0aea72c05c0c3812b1b03561b820d84;1;1;3;0.0;268;0;0;NO;7;0;539;77;76.0;77;YES
OPENJPA;2;62bc6c997c859f5b028df18e99c484b28864109b;5;9;21;2.9741661333687865;99;62;4819;NO;7;16;532;76;75.0;76;YES
OPENJPA;2;d3956a7d98811c749774afa8731c14a5330909b5;1;1;1;0.0;8;0;3739;NO;7;2;525;73;72.0;73;YES
OPENJPA;2;a8c1fad16c19a92ea3585965cc4ca08459d01723;1;1;1;0.0;2;0;95;NO;7;67;525;72;71.0;72;NO
OPENJPA;2;ce937180b47ab142cdc9467719ba02ffe14ad0e8;1;1;1;0.0;0;0;3739;NO;7;12;525;62;61.0;62;NO
OPENJPA;2;5dea14f301ea4cca21d73783080615d02ab89afc;1;1;1;0.0;37;0;122;NO;7;16;525;71;70.0;71;YES
OPENJPA;2;b7f2721aff3d9b22e02f1bbc2aec49de0612c5d6;1;2;4;1.9219280948873623;7;1;2835;NO;7;8;525;75;74.0;75;NO
OPENJPA;2;ed0d6b1fec099a0a8e1302c259b242e6cdf87596;1;1;1;0.0;0;1;160;NO;7;6;518;74;73.0;74;NO
OPENJPA;2;a9089d2688a7255e120391a51510332518d2e406;1;1;1;0.0;0;4;91;NO;7;2;511;73;72.0;73;NO
OPENJPA;2;7a74bedd70382da65b0e63170bde3158a29a2fe2;1;1;2;0.9182958340544896;6;1;129;NO;7;26;504;72;71.0;72;NO
OPENJPA;2;d090d717f457135a1ba4b86f00b24b04e743d56f;1;1;2;0.9182958340544896;0;3;635;NO;7;1;497;71;70.0;71;YES
OPENJPA;2;68572a9197e1a668442ef463d193686c37c12c09;2;2;3;0.9405662399881731;3;0;997;NO;7;1;490;70;69.0;70;YES
OPENJPA;2;d85ea93d3a3db769f2b82c1ff27674ab1bd7c0ae;1;1;1;0.0;0;0;2835;NO;7;1;490;60;59.0;60;NO
OPENJPA;2;4efc384cbdfb85e9fd53ffd781d7652c9f3ac3bd;1;2;3;0.9780155566622415;1;0;2835;NO;7;6;490;59;58.0;59;NO
OPENJPA;2;480a42df4a036e53f0a06813d7b3412213cc610c;1;1;4;1.06713126998357;14;21;625;NO;7;35;490;69;68.0;69;YES
OPENJPA;2;cdcfea47d4568f69783c6733b27dfbc33e3ba621;5;10;30;3.4692453484307455;471;758;3006;NO;7;6;490;68;67.0;68;YES
OPENJPA;2;2c31d9c6df811638f27bd7dac8608766a4a499e1;6;10;28;3.3389713239022583;742;433;1433;NO;7;20;490;16;15.0;16;YES
OPENJPA;2;d47e1d1f1896a0b72cdd7775335cb2529bd3207f;1;1;1;0.0;0;0;151;NO;7;61;483;69;68.0;69;YES
OPENJPA;2;b7aa94749e22b1ecf4e6b0a6e625dd2e2f4af5bf;1;1;1;0.0;3;0;1012;NO;7;33;476;68;67.0;68;NO
OPENJPA;2;9ba388d243a54186d07445a3bcac8fb0c0da1bca;1;1;1;0.0;1;0;417;NO;7;3;469;67;66.0;67;NO
OPENJPA;2;05865aef893c7df2db70c984750457910dca6354;1;2;3;0.9182958340544896;66;0;3567;NO;7;5;469;15;14.0;15;YES
OPENJPA;2;02c9ce3ca796592e45b04f3a42c8922b38ea2305;1;1;1;0.0;5;0;993;NO;7;2;469;62;61.0;62;YES
OPENJPA;2;944f8ad22ce488e96f13e3748d2942dc174dbe56;2;5;6;1.166342889840669;65;6;2989;NO;7;40;469;61;60.0;61;YES
OPENJPA;2;a7cfbfc4c92e7e0a59d74c2c413467377660fbc9;1;3;8;2.5157620827131506;34;11;2293;NO;7;18;469;67;66.0;67;YES
OPENJPA;2;53dbcdf35c9fa6a0db7bf29516008e1e08bcc12b;1;1;1;0.0;12;0;4807;NO;7;2;462;60;59.0;60;YES
OPENJPA;2;65e0a48a81e192817b54ef896e42bd6efb97e538;1;1;1;0.0;12;0;301;NO;7;17;462;59;58.0;59;YES
OPENJPA;2;b2e013390714dcd4506e99f9aacfe4abda09ce93;1;1;1;0.0;0;1;142;NO;7;1;462;58;57.0;58;YES
OPENJPA;2;20e0762e43734170fd7d97297693382329877b33;1;1;1;0.0;4;0;989;NO;7;34;462;57;56.0;57;NO
OPENJPA;2;47edcb8edce8dc6b0c384af53e6a679aa68f1abd;1;1;2;0.0;51;0;683;NO;7;3;462;66;65.0;66;NO
OPENJPA;2;c6c683e8acfc4b188fa4af2f0293a43a33e39a4c;2;3;4;1.9182958340544893;38;0;1627;NO;7;31;455;56;55.0;56;YES
OPENJPA;2;7846adbf3f732c3258e88c326445044387385fb3;1;1;1;0.0;0;254;254;NO;7;15;455;65;64.0;65;NO
OPENJPA;2;a5d552f940b7830cc252d10aaccf630249626b13;1;3;7;1.2773600852070808;29;0;2835;NO;7;24;448;64;63.0;64;YES
OPENJPA;2;fcd072a2c59869c4cd6a8eb8ee715675a6c33dbc;1;1;1;0.0;18;0;399;NO;7;4;441;55;54.0;55;YES
OPENJPA;2;72f7b6b963a533542eeaddaac629481db62ca277;2;5;5;0.9182958340544896;11;7;1785;NO;7;5;441;63;62.0;63;NO
OPENJPA;2;913e54c93c2b03adadfb505ce4374c5de3f8818e;1;1;2;0.9182958340544896;0;7;4812;NO;7;0;434;62;61.0;62;YES
OPENJPA;2;cfcca495210ecd8e8656dccf8fb892b808707262;1;1;2;0.0;17;0;4796;NO;7;6;427;14;13.0;14;YES
OPENJPA;2;9650a1a20b7d2e49ae1c391168488d13114483c3;4;4;4;1.9182958340544896;0;0;1556;NO;7;24;427;4;3.0;4;NO
OPENJPA;2;c863a7a489528b90d24604b8e0573b4dfc541f54;1;1;1;0.0;0;0;1627;NO;7;0;427;61;60.0;61;NO
OPENJPA;2;7bff3b437313dd363d2eb7f39db4bd021afe7dfc;1;1;1;0.0;0;0;703;NO;7;56;420;3;2.0;3;NO
OPENJPA;2;868cc7bc4e27b145b561dcb1e9976497a080faa5;1;1;1;0.0;0;0;1627;NO;7;50;420;54;53.0;54;NO
OPENJPA;2;30345610fa7099ff7734cb22599f19361bc7ff04;1;1;1;0.0;0;0;1617;NO;7;1;420;53;52.0;53;NO
OPENJPA;2;a9eaf4683bbbebb82101b9114516c132ef907780;2;3;26;4.5625;1;4;4798;NO;7;49;420;60;59.0;60;YES
OPENJPA;2;8a9c647907d9cd3207f0cbac9bce9b4caab298ac;1;1;1;0.0;0;0;1785;NO;7;1;413;13;12.0;13;YES
OPENJPA;2;d78bcae002c96b508c04b912c8635389848d0b5e;1;1;1;0.0;1;0;4797;NO;7;1;413;52;51.0;52;NO
OPENJPA;2;832d913520d909b587cd52ae16e63773965a17ad;3;4;10;1.5;250;0;4797;NO;7;2;413;59;58.0;59;YES
OPENJPA;2;6ac482c68fb8f57ce68202f73f623142b1c86cc5;2;3;4;2.0;1;2;731;NO;7;28;406;58;57.0;58;NO
OPENJPA;2;d1e7a817d2bf5c08d61a4f275cf85c1318d70397;1;1;1;0.0;0;0;1383;NO;7;25;406;57;56.0;57;YES
OPENJPA;2;2dfe77f2ca4a79ea2f6a1c4a1b533a8419121b00;1;1;1;0.0;8;0;1777;NO;7;1;406;12;11.0;12;YES
OPENJPA;2;1e95734015c0aa6009b42355a3cfeccb57c4fb2f;3;6;10;2.2810361125534238;290;7;730;NO;7;15;406;56;55.0;56;YES
OPENJPA;2;f56a7555a7f05be898ab6dbe11ff7de6246a8231;1;1;1;0.0;9;0;3730;NO;7;4;406;51;50.0;51;NO
OPENJPA;2;1defd23037cbe55ef05902efc21d11b9a2afe972;2;3;7;1.0622698109081752;207;97;2257;NO;7;15;406;11;10.0;11;YES
OPENJPA;2;da1961910bef256a5ef3c39e729a7fe9b34fb43c;1;2;2;0.0;1;1;2258;NO;7;6;406;55;54.0;55;YES
OPENJPA;2;25e80a994e6e50afb0e146066cf6e0185e4b8af7;1;1;1;0.0;1;0;2257;YES;7;2;406;50;49.0;50;NO
OPENJPA;2;3b2f6a720dcf71073f25fde87f02c522c9eb8f80;1;1;1;0.0;0;0;399;NO;7;11;406;49;48.0;49;NO
OPENJPA;2;ddf3631bccc471ac555b527aaaf7a835ad79aa65;1;2;5;0.0;145;9;123;NO;7;7;406;54;53.0;54;NO
OPENJPA;2;37aa91d2af0c35b7edee57763afa02d0901db0b8;3;3;3;0.747584679824574;0;9;2264;NO;7;18;406;53;52.0;53;YES
OPENJPA;2;554f55f46efb1c4d897dcf585e501a7042ee9c70;1;1;1;0.0;0;1;280;NO;7;1;406;52;51.0;52;NO
OPENJPA;2;812e184e89c3bf7166a95f2e77ac88fbedc70854;1;1;1;0.0;7;0;670;NO;7;26;406;46;45.0;46;NO
OPENJPA;2;1e5d09ce2f95e2c77fe85ba91b48990607f673ab;1;1;3;0.0;95;0;0;NO;7;0;406;51;50.0;51;NO
OPENJPA;2;7e30623c7b5a30c2a9c9761736d8d493e2a8c968;4;6;79;5.4148551189900225;256;711;3729;NO;7;19;406;50;49.0;50;YES
OPENJPA;2;56d5f6469eeaab2918c170deb779019ef3f841ec;1;1;1;0.0;10;0;136;NO;7;7;406;45;44.0;45;YES
OPENJPA;2;890ae1a7022e116d0c82e94384c74de24f6f00e6;1;1;1;0.0;27;0;0;NO;7;0;406;15;14.0;15;NO
OPENJPA;2;253407b69c4584af56d2d43e731e3073316fa67e;3;3;19;3.0092265583166617;1030;422;985;NO;7;11;406;14;13.0;14;YES
OPENJPA;2;c1a146714e70b5c64d67916acde8c2aa2b5cd753;1;1;1;0.0;1;0;87;NO;7;3;406;49;48.0;49;NO
OPENJPA;2;5240ea8612e6a1b94dfa4ff26c347cc362e2c777;1;1;1;0.0;0;0;213;NO;7;4;406;10;9.0;10;NO
OPENJPA;2;2b66092a806d138821519d64f00675c1b8556789;1;1;2;0.0;2;3;85;NO;7;0;406;9;8.0;9;NO
OPENJPA;2;fc9b67f556c66a87c4054a19081b31564d66bb46;1;1;1;0.0;0;1;2265;NO;7;1;406;8;7.0;8;NO
OPENJPA;2;4f4b1b29fe9e7b777ce631a17d729c96463a1a31;1;1;1;0.0;0;0;85;NO;7;1;406;7;6.0;7;NO
OPENJPA;2;fe6352fca14a1f26a6e24642d858fd1d5b08664c;1;1;1;0.0;213;0;0;NO;7;0;406;6;5.0;6;YES
OPENJPA;2;423b0a418af03102a95b1c7472665d5cd7c57b11;1;4;11;1.7749835999568464;187;0;4793;NO;7;30;406;5;4.0;5;YES
OPENJPA;2;c39b7141ce03379cd66f7799a46cf3c019ba3fdc;1;1;1;0.0;0;0;895;NO;7;23;406;42;41.0;42;NO
OPENJPA;2;582c83b29b9e825ab80208737e1d4c88bb7859d5;1;1;1;0.0;34;0;1642;YES;7;0;406;41;40.0;41;YES
OPENJPA;2;01735b123429e17033650fbe1c30506820e7af6a;6;20;222;6.778971525162941;0;0;4793;NO;7;35;406;58;57.0;58;NO
OPENJPA;2;163cc2a22c9662fe79dd8eeacc0fd9fb197a6565;3;9;22;2.92777408138421;141;231;2191;NO;7;18;399;48;47.0;48;YES
OPENJPA;2;47ead9315d338cb0dfd8e79c2fc6cdbe8a3608e0;1;1;1;0.0;3;0;440;NO;7;35;399;57;56.0;57;NO
OPENJPA;2;21480988416884d986c0616f3635ea5c026a1799;1;1;1;0.0;0;0;290;NO;7;27;392;13;12.0;13;NO
OPENJPA;2;de9352568f505999397c84d55766e1926b75db2a;1;1;1;0.0;1;0;300;NO;7;0;392;39;38.0;39;NO
OPENJPA;2;5ff49b37b9dc7ba70fb247e3ca1931f65a99c1c4;1;1;1;0.0;0;10;310;NO;7;32;392;38;37.0;38;NO
OPENJPA;3;a99763cf63446fac33964fbf7ce6244de54e1deb;1;4;5;2.321928094887362;15;0;59;NO;11;0;2409;161;160.0;161;NO
OPENJPA;3;7d7e303f849f6cbb139f11e1620a9a03d977a3be;1;3;4;0.0;114;0;0;NO;11;0;2409;160;159.0;160;YES
OPENJPA;3;b2beaec63446c937b69de2e73d2b7acda96b1549;2;3;3;0.5435644431995964;66;0;3681;NO;11;0;2409;159;158.0;159;YES
OPENJPA;3;0819749391cecd16bfae12b78f1b21ae424eb94a;1;2;2;0.9182958340544896;0;1;1846;NO;11;5;2409;219;218.0;219;YES
OPENJPA;3;f7770883a4e9f8f002dd2d99287903be577b2dd4;1;2;2;0.9852281360342516;17;0;3678;NO;11;6;2398;158;157.0;158;NO
OPENJPA;3;14ba7eed94c2a637b5619838d95d04d0c32ed517;1;1;1;0.0;1;0;256;NO;11;11;2398;157;156.0;157;NO
OPENJPA;3;0e7feca04a29f354abc476d55252bab968a87f3f;1;2;3;1.2009102795095283;40;7;3685;NO;11;10;2398;156;155.0;156;YES
OPENJPA;3;6bad8ff71558cc7207a7a6098ef14f69a3e19863;1;1;1;0.0;0;0;1127;NO;11;10;2398;218;217.0;218;NO
OPENJPA;3;9e044de7a7846432d1684a7873a8a434d95f23da;1;1;1;0.0;8;0;4942;NO;11;10;2387;190;189.0;190;YES
OPENJPA;3;44c97873fbc1677650d6ed7cf21406c26cf61703;1;1;1;0.0;0;0;1077;NO;11;10;2387;189;188.0;189;YES
OPENJPA;3;b74ad208bde285b8b019c228112f322c186595bd;1;1;1;0.0;120;0;0;NO;11;0;2255;205;204.0;205;NO
OPENJPA;3;129360ace992869aefdde406527456c51a550686;2;2;3;1.325697289347751;0;2;414;YES;11;1;2244;17;16.0;17;YES
OPENJPA;3;0bc9685aa77959c9898853af18789859fb14412f;1;1;2;0.9182958340544896;0;0;178;NO;11;0;2244;16;15.0;16;YES
OPENJPA;3;c816683d08ae06aff267e1909a44e12cf4584d21;1;1;2;0.9182958340544896;0;0;178;NO;11;0;2244;15;14.0;15;YES
OPENJPA;3;0f66458d4c1f410e9c71aa7ccac54c7427f27f8d;2;2;3;1.2009102795095283;110;2;416;YES;11;3;2244;14;13.0;14;YES
OPENJPA;3;30f204251018ca448a4e66c7b3d000fa67c69d85;1;1;1;0.0;0;1;417;NO;11;0;2244;13;12.0;13;YES
OPENJPA;3;0df6a69703ffbbdbc2cdc715d09c6969d69bf7a7;1;1;1;0.0;0;0;417;YES;11;4;2244;12;11.0;12;YES
OPENJPA;3;640cddad04c525af1122fbf8d6e2fde8a13adfb8;9;63;1124;10.134382556295643;3462;0;4939;NO;11;178;2222;202;201.0;202;YES
OPENJPA;3;4ea1c3f7389ec4954561e1b4739eecb988b20899;4;12;19;0.0;285;0;537;NO;11;32;2211;10;9.0;10;NO
OPENJPA;3;3885031a892f077661112ee0654a59970ac76191;3;5;9;0.0;374;0;3650;YES;11;23;2211;188;187.0;188;YES
OPENJPA;3;b4a3a77840af840f9cd2800b717c585a3c135e5e;4;4;17;3.109298437003463;405;0;4937;YES;11;75;2211;187;186.0;187;YES
OPENJPA;3;0806fd5b4409f45f86af4c92a648feaee3990b6d;2;3;6;0.8112781244591328;100;12;2146;YES;11;43;2211;201;200.0;201;YES
OPENJPA;3;d86ba0eed3c07ef5ae0d6b1cb71ad1ee26d5980b;1;1;1;0.0;0;0;213;NO;11;69;2200;154;153.0;154;NO
OPENJPA;3;af2550bb054bc9ec79aa02d9fa1953765b930da0;1;1;1;0.0;12;0;553;YES;11;0;2189;199;198.0;199;YES
OPENJPA;3;840644fcc5332740c9c5f466b968c1cd8afab6b3;3;4;6;2.0231315234143215;116;18;3807;NO;11;1;2178;150;149.0;150;YES
OPENJPA;3;bd93bfa284315130c4f9e9a65d091925ffa919f4;2;4;9;2.7990790424135286;0;4;3807;NO;11;0;2156;149;148.0;149;YES
OPENJPA;3;31c7a575e76d55b120444962fa999d17fc7e2c06;1;1;1;0.0;0;1;817;NO;11;0;2156;186;185.0;186;NO
OPENJPA;3;60a1e54f07a491213603b7881d7ae8615556fd2a;2;2;3;0.0;178;0;811;YES;11;26;2156;185;184.0;185;YES
OPENJPA;3;8ece757233957518b2cf30b67f7a9103acf4bced;1;2;2;0.9709505944546686;3;0;3807;NO;11;1;2156;148;147.0;148;NO
OPENJPA;3;1c8f82b810845758084831d294b39a10279333fb;2;3;3;1.061278124459133;11;9;2865;NO;11;0;2156;184;183.0;184;NO
OPENJPA;3;c5d82a70d54136f47033d934e822f397f28f20d2;1;1;1;0.0;3;0;2862;NO;11;9;2156;16;15.0;16;NO
OPENJPA;3;57442b70592e83218b1d9ac78c972364308e20d1;1;1;2;0.0;18;0;70;NO;11;0;2156;147;146.0;147;NO
OPENJPA;3;7f998f10f13ea84a66b5da405f0f11a990dca0c8;1;1;1;0.0;0;0;3807;NO;11;0;2156;146;145.0;146;NO
OPENJPA;3;814637ca6cd89f237450d24469732b86b91b73b5;2;4;11;0.629008709621042;254;76;3792;NO;11;118;2156;145;144.0;145;YES
OPENJPA;3;e541936463b4b6be3ab05ded5b2ed224b4692d6b;2;2;2;0.8812908992306927;0;0;177;NO;11;260;2156;15;14.0;15;NO
OPENJPA;3;80f7795fefebd6776293ad0c51417e0fccdbeadd;2;3;6;1.5753741029000743;16;38;1780;NO;11;100;2156;183;182.0;183;YES
OPENJPA;3;db2a53ff2dacb94f9bb2cf2f721994604d73b921;1;1;1;0.0;0;17;488;NO;11;0;2156;11;10.0;11;NO
OPENJPA;3;7bd43ff2e045047c103546f546ba024de3b70593;1;1;3;0.0;9;8;3799;NO;11;0;2156;144;143.0;144;NO
OPENJPA;3;5d18f26c10dcb37624aefb0ed7d51301f89731ea;1;1;1;0.0;0;1;480;NO;11;0;2156;10;9.0;10;NO
OPENJPA;3;729c7af474c36b7aa626a1fb0ebba38049dbad96;1;1;3;1.0;43;0;3792;NO;11;84;2156;9;8.0;9;NO
OPENJPA;3;6fe50aa4337eb318ebbcb13ba84909c1df22dc9b;1;1;1;0.0;2;0;443;NO;11;0;2156;8;7.0;8;NO
OPENJPA;3;4754f0921c4ee9b574e0c5c68b1c83854e9dd43d;1;1;1;0.0;0;0;443;NO;11;0;2156;6;5.0;6;NO
OPENJPA;3;9e8e265d6ce4c198945b534489f02838870e8ae3;1;1;2;0.6500224216483541;233;0;210;NO;11;41;2156;7;6.0;7;YES
OPENJPA;3;9c25f9bdf555dd57de22e5cbbc9b73cce7c0c000;2;2;2;0.6500224216483541;0;1;1780;NO;11;0;2156;143;142.0;143;NO
OPENJPA;3;f023f58562aeebe2ee9c456c06720de782b70116;2;2;3;0.0;43;0;1767;NO;11;45;2145;2;1.0;2;NO
OPENJPA;3;10bdc61b91d2cf8c98ea72b42343f76865feee72;1;1;1;0.0;0;3;2149;NO;11;5;2145;195;194.0;195;NO
OPENJPA;3;57f9f3af1da42be60f8d73594d4d1300909a83d9;2;2;3;0.0;100;0;1672;NO;11;7;2134;1;0.0;1;NO
OPENJPA;3;8167400e51e6148aed5f4bef1c9fb737b659abd3;2;12;36;4.5413979190488565;415;997;2299;NO;10;40;1940;182;181.0;182;YES
OPENJPA;3;1679c05c89203f9d8d0c3f1ea1cfdc64943564a5;3;5;11;3.0975232838674764;3;94;2873;NO;10;1;1930;181;180.0;181;YES
OPENJPA;3;fee930886b9c0f3e177d6257d60b158d5f2d9654;3;4;11;2.611517228062621;27;13;2876;NO;10;19;1920;6;5.0;6;YES
OPENJPA;3;f7aef4581483be989ba84eed1ea71ce0f043c17c;2;2;8;1.1592689640693674;156;0;2148;YES;10;67;1920;180;179.0;180;YES
OPENJPA;3;df02d831e2dce80e0d00ec0febf0c708f02bacb3;1;2;3;0.8166890883150209;8;0;2299;NO;10;118;1920;179;178.0;179;YES
OPENJPA;3;9b61ded11bf1ea63c174e7a2d63fd7e6e5fe1e60;1;2;2;1.0;0;15;462;NO;10;4;1920;178;177.0;178;NO
OPENJPA;3;442c1cee4870edc0916191e1872ae8223496e84f;3;5;12;2.0282571939895475;177;14;2842;NO;10;120;1920;5;4.0;5;YES
OPENJPA;3;91cc43267670049486cc609091cc07ddb339cef0;1;1;1;0.0;7;0;246;NO;10;206;1920;192;191.0;192;NO
OPENJPA;3;ae2d8685e1221f3a8ab8a96cc20f2b2cd2aa208f;1;3;4;0.863120568566631;58;0;3791;NO;10;86;1910;14;13.0;14;NO
OPENJPA;3;68e4f9a85b9f2a2067daaaa3d56dfac522fdb3a2;1;1;1;0.0;0;0;80;NO;10;202;1910;191;190.0;191;NO
OPENJPA;3;123fce5b60bd33aebfe864e5c2c781a366302913;1;1;2;0.0;127;0;0;NO;10;0;1900;177;176.0;177;NO
OPENJPA;3;eb27482080af614ff7e387b9659e72571f8ce029;2;4;6;0.0;189;179;3643;YES;10;39;1900;176;175.0;176;NO
OPENJPA;3;229f24547add9fdf5c7414cf98895bf85f83e9d6;2;3;5;0.0;161;10;4947;YES;10;19;1900;175;174.0;175;YES
OPENJPA;3;fabdf10407d6d4061c51f0b44bdb48819f1d2df3;2;2;4;0.0;161;0;350;NO;10;47;1900;174;173.0;174;YES
OPENJPA;3;148519ba2a119cb7926a1fac38890cfae6c778c6;1;1;1;0.0;0;1;106;NO;10;0;1890;141;140.0;141;NO
OPENJPA;3;853fb319ba81e2ad589ac6a7ce47b45de0a2749d;2;4;5;1.0;210;61;668;YES;10;41;1890;140;139.0;140;YES
OPENJPA;3;b5bab78e043329c97b0ddac1558bd595e5a522aa;3;3;4;0.9182958340544896;78;0;2298;YES;10;22;1890;139;138.0;139;YES
OPENJPA;3;d35bc8a306444ed25e7322d023e46c4a1d64e60a;1;1;1;0.0;2;0;194;NO;10;11;1890;4;3.0;4;YES
OPENJPA;3;9bfc9cf1905f30a3a80204858ac4f49d5c824d22;2;3;14;0.35221599396289666;221;0;4920;NO;10;126;1890;189;188.0;189;YES
OPENJPA;3;0b90c67a8bb2932037c4311e8afb7d85a6c3902e;3;5;5;0.3227569588973983;159;0;315;YES;10;134;1880;138;137.0;138;YES
OPENJPA;3;69c34cd385cfd06409b8009af5c9a681233d26b1;1;1;1;0.0;41;0;0;YES;10;0;1880;137;136.0;137;NO
OPENJPA;3;d2c748d1094f295243c7a3b9efe2b937d8bc9b0b;1;9;35;0.9182958340544896;110;74;190;YES;10;26;1880;136;135.0;136;YES
OPENJPA;3;1af233a0b3b7ad19ed14aa1b0a297269f7905e97;1;1;1;0.0;3;0;192;YES;10;62;1880;135;134.0;135;NO
OPENJPA;3;afce8f543abfbcbe81eb87c7ed5e22c1879e44a5;2;2;4;0.0;264;0;69;YES;10;57;1880;173;172.0;173;NO
OPENJPA;3;ebe1b5711e4347898cd8e7f4e7a9b7baa18dea26;2;2;2;0.4689955935892812;0;0;1422;NO;10;1;1880;172;171.0;172;NO
OPENJPA;3;dc797ab923c30a788dd9af28509791018484b7ac;3;3;4;1.0214554656116668;15;0;1422;NO;10;31;1880;133;132.0;133;YES
OPENJPA;3;661f673890c076b8d6532d5f704434bc508a1fe5;1;1;1;0.0;0;4;49;NO;10;0;1880;132;131.0;132;NO
OPENJPA;3;560f89510239d75b1a0db97dffcb9cbc21ab9e32;1;2;4;0.7219280948873623;75;3;4917;NO;10;18;1880;131;130.0;131;YES
OPENJPA;3;31010aa2ac0c335615d6479f3d7d8e5a728c23b4;1;1;1;0.0;0;0;194;NO;10;105;1880;130;129.0;130;NO
OPENJPA;3;7303bcd5d5fee247520eb5d105f5b4a5ab7776f7;1;1;1;0.0;1;0;128;NO;10;15;1880;30;29.0;30;YES
OPENJPA;3;4bf637f0747fcbba281b2ad2442475336cea8dfe;2;3;5;1.584962500721156;6;0;859;NO;10;123;1880;171;170.0;171;YES
OPENJPA;3;5ae6e7594f265d2af44c6f34a0c666b23f956cf4;3;3;4;1.584962500721156;0;33;4917;NO;10;5;1880;29;28.0;29;YES
OPENJPA;3;53f19cbb4ff42fbd87bf1b8082b87af7524c31b2;1;1;11;0.0;0;729;93;NO;10;15;1880;188;187.0;188;NO
OPENJPA;3;7db81e3d6cf042ac474a1fe41f7d9c90f2f7dec3;5;6;8;2.8307729638440216;4;0;3639;NO;10;49;1870;129;128.0;129;NO
OPENJPA;3;2a95f80f442ecf25a03aef34023cd98756bc1b0d;2;4;9;0.5608251769947302;0;80;3693;NO;10;87;1870;13;12.0;13;NO
OPENJPA;3;e20afb3134610518c408ce1870446de4c19689d3;1;1;1;0.0;0;6;674;NO;10;9;1870;128;127.0;128;YES
OPENJPA;3;65bd1f02e386c0e8b11fdd444b7b8caabbe8d081;1;1;1;0.0;0;0;982;NO;10;6;1870;170;169.0;170;NO
OPENJPA;3;7eb91d0ec9eb7690db32f5f8cedb7f336325d2fa;1;1;1;0.0;0;1;211;NO;10;1;1870;3;2.0;3;YES
OPENJPA;3;2d3871b86b89e4c19e9831f1361472d7387bda34;3;3;4;1.584962500721156;34;0;4917;NO;10;20;1870;2;1.0;2;NO
OPENJPA;3;82a62a6b7800f0c218102c62232667390ef1d071;1;1;1;0.0;8;0;207;NO;10;133;1870;12;11.0;12;NO
OPENJPA;3;0b8bf2818c3b5fbb1699a3f222eb30de87844638;1;1;1;0.0;25;0;578;NO;10;60;1870;127;126.0;127;YES
OPENJPA;3;018cf3278a4f28f012bef3f8942273492404f737;1;1;1;0.0;1;0;942;NO;10;0;1870;36;35.0;36;YES
OPENJPA;3;e3f8a96205c51c43a986e804a34846252e8c29a8;1;1;1;0.0;2;0;940;NO;10;47;1870;35;34.0;35;NO
OPENJPA;3;372b83736d50dba2a81f947b4bfd8220b8f62ed4;1;1;1;0.0;0;14;1349;YES;10;38;1870;169;168.0;169;NO
OPENJPA;3;1b446958f5699c2adecb3163ab9ce44b873b2f57;2;2;2;0.9182958340544896;6;0;1123;YES;10;73;1870;168;167.0;168;NO
OPENJPA;3;4f102a7c77a321699663e9fba7449725e52d86ba;1;2;4;1.185923627139671;15;0;942;NO;10;182;1870;11;10.0;11;NO
OPENJPA;3;09e7aab7778db72e6412625f39a9557d6a2646be;1;1;2;0.0;20;0;3035;NO;10;101;1870;10;9.0;10;YES
OPENJPA;3;8974a099084986706a14419fa3e2298541ee50e1;1;2;3;1.4488156357251847;1;0;691;NO;10;0;1870;167;166.0;167;YES
OPENJPA;3;4efc5d69972193ee57032dce319cf1b42e0d65b1;2;2;2;0.1537421803287619;0;8;990;NO;10;81;1870;166;165.0;166;YES
OPENJPA;3;dfc102beba2406c0a6065e665b710431245673cc;1;3;5;1.896240625180289;39;73;4950;NO;10;9;1870;28;27.0;28;YES
OPENJPA;3;7a2330ce3bcb238be8df2295e13c49b2994cf5ed;2;2;2;0.2580186686648155;12;0;982;NO;10;9;1870;165;164.0;165;NO
OPENJPA;3;db07362e27df097fa707f5007c68ee219efdbb09;1;5;40;5.3219280948873635;0;0;97;NO;10;3;1840;184;183.0;184;NO
OPENJPA;3;e14378f7f32bfbaa59e558b8c29ff42ff3e71c0c;2;4;6;2.4984431482405944;124;0;4905;NO;10;124;1830;27;26.0;27;YES
OPENJPA;3;7d0839f9ff14644050133a19edcb61d030432602;1;1;1;0.0;10;0;257;NO;10;2;1830;183;182.0;183;NO
OPENJPA;3;d36faee0ab706ab8663b7b6686a23fa1946160bc;1;12;132;0.0;4112;4112;257;NO;10;0;1810;181;180.0;181;NO
OPENJPA;3;195d5ddd6cad75d5e2786e2b44c0b42e23a7a8b0;1;1;1;0.0;2;0;151;NO;10;1;1780;178;177.0;178;NO
OPENJPA;3;02f2cedb734be0d4f9b4b340359544fd7707e477;1;7;67;0.0;4389;0;0;NO;10;0;1760;176;175.0;176;YES
OPENJPA;3;a384218429534d2f81e7437ca532d49b3596a60d;1;1;1;0.0;4;0;82;NO;10;9;1750;175;174.0;175;NO
OPENJPA;3;7ea424bf0b36d6be115976fa6134877116fc2dee;1;1;1;0.0;1;0;505;NO;10;130;1740;26;25.0;26;NO
OPENJPA;3;0a072b8a50dc376cccb5662915e0f9a1b2763c32;1;1;1;0.0;0;0;151;NO;10;0;1740;163;162.0;163;NO
OPENJPA;3;a2be03e9cb6e94c488c1475650eaf3ab05da7ee6;1;4;8;2.408694969562842;27;3;3790;NO;10;139;1740;162;161.0;162;NO
OPENJPA;3;859da3f913d8b4f0b142fe872d78847f958f0614;1;1;1;0.0;0;11;162;NO;10;86;1740;25;24.0;25;YES
OPENJPA;3;485cfd37ca2e810c0cdc6bc897fe73109bfd5e3c;1;1;2;0.0;198;0;0;NO;10;0;1740;126;125.0;126;YES
OPENJPA;3;c13e2baab7aa0c71ad6fafbc9c6527e1393a2894;1;1;1;0.0;3;0;212;NO;10;5;1740;34;33.0;34;YES
OPENJPA;3;326df83bb224167f9abc408ac90173666d146d78;1;1;2;0.8112781244591328;0;2;4906;NO;10;3;1740;24;23.0;24;YES
OPENJPA;3;d826caf71175811a23214b4e23545aee7625d7ed;3;3;8;2.0;132;20;4899;NO;10;13;1740;23;22.0;23;YES
OPENJPA;3;3c58b8840cfe65a2cbe4283897c846e18919311e;1;1;1;0.0;0;1;660;NO;10;117;1730;22;21.0;22;YES
OPENJPA;3;2e0c5d576c5e210bfb1d0a8d799a20284f971a27;1;1;1;0.0;0;0;1986;NO;10;79;1730;160;159.0;160;NO
OPENJPA;3;a5dcfc91fa956627c66d3100717c308e3855d6c0;1;1;1;0.0;0;1;278;YES;10;0;1730;5;4.0;5;NO
OPENJPA;3;cde63a43060c630a4ec641d127ecccf05bb05384;1;1;1;0.0;278;0;0;YES;10;0;1730;4;3.0;4;NO
OPENJPA;3;a11158d51a359bd51af3df5b0e03d7cbb50f93d8;1;1;1;0.0;1;0;211;NO;10;0;1730;33;32.0;33;YES
OPENJPA;3;862cd158ed5acee7361881860548c03444d01dd6;1;1;1;0.0;4;0;1111;YES;10;2;1730;3;2.0;3;YES
OPENJPA;3;11e3835d5fe57c2277fb7b2f563fe5f532e3f21d;1;3;4;0.0;3;3;3694;NO;10;74;1730;159;158.0;159;NO
OPENJPA;3;2ac1bcccbb4070da2c86bfee4c7368d9466141ca;4;4;5;1.3787834934861756;242;0;322;YES;10;44;1730;173;172.0;173;YES
OPENJPA;3;aeafc39d3d198e90624fa2895918911204caefd6;1;1;1;0.0;20;0;114;NO;10;15;1720;21;20.0;21;NO
OPENJPA;3;372e8999818a52181a73befbae0ba0fb7eb9b357;2;2;4;0.8622552045515594;6;0;1109;NO;10;58;1670;158;157.0;158;YES
OPENJPA;3;17c6580e4ce21e706513f77586372d9bf257a244;1;1;1;0.0;1;0;1108;YES;10;46;1670;20;19.0;20;YES
OPENJPA;3;0273937971eb0769d11e789dc33a222d826e8e8e;1;1;1;0.0;1;0;1665;NO;10;0;1660;166;165.0;166;NO
OPENJPA;3;24cf4c939e58914168c4e548c25a2c3d977022b7;1;1;1;0.0;8;0;1657;NO;10;8;1650;165;164.0;165;YES
OPENJPA;3;62358d36d15d4b50d95b4e8726dac4715dba9a25;1;1;1;0.0;0;0;213;NO;10;0;1640;164;163.0;164;NO
OPENJPA;3;22f77ef4d21994610bd250e99230555ad56fb4d8;1;1;1;0.0;8;0;205;NO;10;91;1630;163;162.0;163;NO
OPENJPA;3;5f76ea2eaff5fb3dd8c4ad5c6ed1d5554f5065a3;1;1;1;0.0;0;2;4901;NO;10;12;1620;157;156.0;157;YES
OPENJPA;3;74823f7cd073325590ba79e8bc12de02832577ab;1;1;1;0.0;0;1;983;NO;10;11;1620;32;31.0;32;NO
OPENJPA;3;2c5377f687d087b94b56bfb5e3b2b5ba4fd3d684;1;1;1;0.0;0;0;2144;NO;10;0;1610;161;160.0;161;YES
OPENJPA;3;d1d0ef02609b5cc123d1b91fbf1a77087cb7a22d;1;1;1;0.0;12;0;2132;NO;10;40;1600;160;159.0;160;YES
OPENJPA;3;4a0ea7646bc1dcbd0adb6064c4e9fa1dee408309;1;2;2;0.8112781244591328;2;0;888;NO;10;73;1590;31;30.0;31;YES
OPENJPA;3;81c9a795ca2d6134120a82d73e60493ab48ed787;1;2;2;0.9182958340544896;30;1;3036;NO;10;80;1590;156;155.0;156;YES
OPENJPA;3;5dddb15cb39cddfeb8e59002fa6e1be35a5a6a26;1;1;1;0.0;2;0;144;NO;10;188;1590;9;8.0;9;NO
OPENJPA;3;95544768f628b62e02947fcbd00d61bd98ec90e6;1;1;1;0.0;4;0;1653;NO;10;5;1590;8;7.0;8;NO
OPENJPA;3;45d90fd282c670634b8e8eea9debc9167e9b42c8;4;4;11;1.7924812503605778;240;0;1623;NO;10;70;1590;7;6.0;7;YES
OPENJPA;3;d88af9faaf114aba1df5d6478164d749f80a8a2d;1;1;1;0.0;0;0;699;NO;10;4;1590;155;154.0;155;NO
OPENJPA;3;fd0e25dae6c3e61c043b6063e8bd617a93387946;1;3;5;2.2464393446710154;9;0;3790;NO;10;55;1590;154;153.0;154;YES
OPENJPA;3;6b78680b274b6c1109d269f9472f8659d6e65f84;1;1;1;0.0;0;0;3790;NO;10;0;1590;159;158.0;159;NO
OPENJPA;3;b37a0f0ecf2554f7337df6bdd3f8b4709430277a;1;1;1;0.0;0;0;3790;NO;10;16;1580;158;157.0;158;NO
OPENJPA;3;7f2613e39414c83c1e9d8e131bd23921e4e8d6ec;1;1;1;0.0;3;0;1023;NO;10;52;1570;157;156.0;157;YES
OPENJPA;3;4a5e42ff8b34f37099247171de7f29c5e746c95d;1;1;1;0.0;5;0;1618;NO;10;34;1560;156;155.0;156;YES
OPENJPA;3;e2665ce5dd6e60ba7c2c6e8b4cb310461e87d66c;1;1;1;0.0;3;0;980;NO;10;14;1550;153;152.0;153;YES
OPENJPA;3;a40baca27321510f108fade1d09a2c043ec52634;1;1;1;0.0;1;0;271;NO;10;43;1550;121;120.0;121;NO
OPENJPA;3;396efa6ae6e2d33623e5b73603440058aa6ca6b5;1;1;1;0.0;59;0;256;NO;10;100;1550;1;0.0;1;YES
OPENJPA;3;4f0c54211df547e848b6a7605b2f255563634fda;1;1;1;0.0;120;0;0;YES;9;0;1395;120;119.0;120;NO
OPENJPA;3;fa5eb3a7af517f27625cc53ad25dba21b6555466;1;1;1;0.0;0;0;76;NO;9;133;1395;155;154.0;155;NO
OPENJPA;3;f0be9e1af1d077653d3a34ebd066a1bd412c9157;1;1;1;0.0;0;0;75;NO;9;133;1386;154;153.0;154;NO
OPENJPA;3;bb7bf5940928786ce650ef9e3f6c0fb4c84d57ce;1;1;1;0.0;9;0;1644;YES;9;33;1377;19;18.0;19;NO
OPENJPA;3;ef67680a55f3b38643c9e485b0736d3066cd2eb4;1;1;1;0.0;4;0;97;NO;9;115;1377;153;152.0;153;NO
OPENJPA;3;c7128669c7e1f439f45c62d07b58e8add38343d2;2;3;5;1.584962500721156;18;0;4897;YES;9;100;1368;119;118.0;119;YES
OPENJPA;3;d58ba3b25be046a2963d362b5addb4b104592212;1;1;1;0.0;0;4;194;NO;9;27;1368;118;117.0;118;NO
OPENJPA;3;3edddc612523ccb3e54a3fee8b9431d5cef45b3c;1;1;1;0.0;14;0;789;NO;9;5;1368;117;116.0;117;YES
OPENJPA;3;97b23ebb90401a82d1d010f1286bb162ab74d4ac;1;1;1;0.0;0;6;151;NO;9;182;1368;116;115.0;116;NO
OPENJPA;3;a6e07e50409f33e648a85095869174eb16db9c17;1;1;1;0.0;0;0;421;NO;9;6;1368;115;114.0;115;NO
OPENJPA;3;49857ff1e88ee3d62af4cd3a692dad039eec5037;1;9;16;4.0;0;0;396;NO;9;66;1368;151;150.0;151;YES
OPENJPA;3;8303c814194e3b4ff0b8a045216a4cd43e74fb90;2;2;4;0.9182958340544896;80;0;857;NO;9;123;1368;30;29.0;30;YES
OPENJPA;3;218a000b84a4a8c6b74bb9de4dc604d720c04f66;2;2;2;0.9182958340544896;21;10;1328;NO;9;1;1368;29;28.0;29;YES
OPENJPA;3;b7c7a47aac588b33749bf29b2113ba4dafb1755b;2;2;3;1.0762976257251988;41;37;1327;NO;9;9;1368;28;27.0;28;YES
OPENJPA;3;430d90f05f3bb1512cb07b632e629cd0fdab15b1;1;1;1;0.0;0;12;3706;NO;9;0;1368;152;151.0;152;YES
OPENJPA;3;3dd1c4316503194058d260ebc5fe6753e50949bc;2;3;3;0.5032583347756457;0;14;3718;NO;9;21;1359;151;150.0;151;NO
OPENJPA;3;6eae1a37ae235f06f0ec729519a19101d3e7cd95;1;1;1;0.0;0;0;170;NO;9;59;1350;150;149.0;150;NO
OPENJPA;3;6055a34b4215b472dce012d28ead7a2a7c6f8f19;2;2;2;0.0;33;0;770;YES;9;96;1350;113;112.0;113;YES
OPENJPA;3;9851f6274855162bc6dd6e95cd06adf782c5e1a2;1;1;1;0.0;9;0;185;NO;9;12;1350;149;148.0;149;NO
OPENJPA;3;c6121be5837579a4e311380b34f90ebc9066fe2a;1;1;1;0.0;0;1;3719;NO;9;20;1350;112;111.0;112;NO
OPENJPA;3;9549416b5f2352773eff80ed462eecbee8a19ccf;1;1;1;0.0;0;0;3036;NO;9;0;1350;148;147.0;148;YES
OPENJPA;3;799fc69719837bf717d5bbe391dcdbe7d0ffada5;1;1;1;0.0;3;0;3033;NO;9;4;1350;147;146.0;147;YES
OPENJPA;3;05073135390b204c9433d94abce9120b00489816;1;1;1;0.0;4;0;3029;NO;9;0;1350;6;5.0;6;YES
OPENJPA;3;64fe22b628ede17101f0f36f5b6c04d8e5e5de80;1;1;1;0.0;0;3;3032;NO;9;0;1350;150;149.0;150;NO
OPENJPA;3;61c87ac3a12bdfc19cdb00406c756af04ec46062;1;1;1;0.0;3;0;3029;NO;9;63;1341;149;148.0;149;YES
OPENJPA;3;663fbe62e3bb6da5942464b9c524cbef7e2d186e;2;2;2;0.0;116;0;928;NO;9;6;1332;148;147.0;148;YES
OPENJPA;3;f5e4742f17b9926075f2867b47e6eafb3089f60a;1;1;1;0.0;1;0;979;NO;9;19;1323;27;26.0;27;NO
OPENJPA;3;2013fb55b79f43abade103b3f854e0a9573b1227;1;1;1;0.0;0;0;465;NO;9;13;1323;147;146.0;147;NO
OPENJPA;3;3e6410b75de317b93eb0fbefa0e40d408999ea7e;2;3;5;1.2516291673878228;80;0;1494;NO;9;74;1314;26;25.0;26;YES
OPENJPA;3;942599e797a96bf78a1f416d7069ad2d7d417099;1;1;1;0.0;25;0;167;NO;9;85;1314;110;109.0;110;NO
OPENJPA;3;04e07ebd0ba7d110d7e0ac6b101f507f71e7433a;1;1;1;0.0;61;0;0;NO;9;0;1314;109;108.0;109;NO
OPENJPA;3;4bbf599c45d74f9b0cd6d9dd9901bcfd0259e2f1;1;4;4;0.8974489785331448;82;0;3749;NO;9;58;1314;108;107.0;108;YES
OPENJPA;3;056ecf52fdf1ec47bba26ed8b1a8026c1d568687;2;2;2;0.7219280948873623;9;0;4888;NO;9;84;1314;146;145.0;146;YES
OPENJPA;3;a255da6f654abbe8e70783a0b492bf64656cc2a1;1;1;2;0.0;236;0;593;NO;9;40;1314;107;106.0;107;YES
OPENJPA;3;4611bf9e43f0782f13216ea14f763e4e5c39a86e;1;1;3;0.6962122601251458;52;0;634;NO;9;64;1314;106;105.0;106;YES
OPENJPA;3;6cb121e192041b65410fa2af968921c908b14d14;1;1;2;0.0;26;0;3746;YES;9;19;1314;18;17.0;18;NO
OPENJPA;3;6c4a0dd4afdd5d18d52419924759a99618a5ff1a;1;1;1;0.0;40;0;1405;NO;9;114;1314;145;144.0;145;NO
OPENJPA;3;8264feb2d63bbdd6a681cdc634ba781be7af0fac;1;1;1;0.0;3;0;256;NO;9;156;1314;5;4.0;5;NO
OPENJPA;3;89f0148fb31b9ece4d57a11872c0ed110a67eef4;1;1;1;0.0;2;0;926;NO;9;49;1314;4;3.0;4;YES
OPENJPA;3;2508046403febefacc2ce5ac7e51605c22601021;1;1;1;0.0;0;0;341;NO;9;156;1314;3;2.0;3;NO
OPENJPA;3;fdabcf6f03f4d31b5ca088050f334c218b9ca058;1;1;1;0.0;0;0;679;NO;9;46;1314;2;1.0;2;YES
OPENJPA;3;414a5d474ded76552c2da2e70be0702a7efc426c;1;1;1;0.0;1;0;331;NO;9;85;1314;1;0.0;1;NO
OPENJPA;3;8b6406724b5a9cd55a911eb5df394dd7b21bb18d;2;3;4;0.9456603046006402;112;5;543;NO;8;65;1168;144;143.0;144;YES
OPENJPA;3;aecff50b27d17904a7b9cb6de00df032f01425dd;2;5;12;2.354382688755843;542;223;3759;NO;8;59;1168;143;142.0;143;YES
OPENJPA;3;fee371db063db7e4eb1172603b4bd0b07a115c1d;1;1;1;0.0;0;0;1687;NO;8;5;1168;146;145.0;146;YES
OPENJPA;3;25988d27930732c5a23930a753c0a81aab28f8b3;1;1;1;0.0;2;0;81;NO;8;120;1160;145;144.0;145;NO
OPENJPA;3;d98ca1d91d3487601eb27fd7d14f0b52732f72ba;1;1;1;0.0;0;0;67;NO;8;2;1152;144;143.0;144;YES
OPENJPA;3;264356a23f3044a9e67d76aa47cd437dacdf5276;2;6;11;3.0108704576771457;135;38;1423;NO;8;55;1144;105;104.0;105;YES
OPENJPA;3;3db7e32a564cf92a88e5a16d7fee6aeebd62e98a;1;1;3;1.5;6;0;1638;NO;8;30;1144;25;24.0;25;YES
OPENJPA;3;87b5ae1f4fdb4eec9040b0f1dee729c3507ea683;1;1;1;0.0;0;0;3746;NO;8;63;1144;142;141.0;142;NO
OPENJPA;3;f48441c17a1b21f54e2ec62d3529ba748a62d9ef;1;1;1;0.0;0;0;1108;NO;8;1;1144;141;140.0;141;YES
OPENJPA;3;d823825a34b49a2a01be0f6609aa2f8aa1683d39;1;1;1;0.0;38;0;1591;NO;8;1;1144;140;139.0;140;YES
OPENJPA;3;847b33aa6eaba2ea1f8ccd1009baccea79b08f22;1;1;1;0.0;0;1;2133;NO;8;38;1144;143;142.0;143;NO
OPENJPA;3;53614b371f55034b142374263fe640eb75181f07;1;1;1;0.0;2;0;65;NO;8;118;1136;142;141.0;142;YES
OPENJPA;3;4e85c5eb84746ed18b23230fc7aae81bd635b4d8;1;1;1;0.0;0;0;1591;NO;8;1;1128;139;138.0;139;YES
OPENJPA;3;597930f15a699dc1411fb8372e865cd1938dbb6e;2;2;6;0.0;150;0;4884;NO;8;60;1128;138;137.0;138;YES
OPENJPA;3;d6dbadaa3cc643b201ca478885e3bde9d77543ed;1;1;2;0.24229218908241482;80;3;1511;NO;8;1;1128;136;135.0;136;YES
OPENJPA;3;dfca20d46580f52ae2c4f75f450e1c30d96e0cb4;1;1;1;0.0;4;0;1634;NO;8;40;1128;24;23.0;24;YES
OPENJPA;3;148d8f8df2969cc4a57347f3128c682f2491c1b4;1;1;1;0.0;8;0;190;NO;8;97;1128;141;140.0;141;YES
OPENJPA;3;74589c8ae1859472b711ff924599e66cd9eb7da6;1;1;1;0.0;32;0;527;NO;8;27;1120;135;134.0;135;YES
OPENJPA;3;0ffb985316140a49fb1e0c868e97f57d7f6c9ace;1;1;1;0.0;1;0;1686;NO;8;14;1120;140;139.0;140;NO
OPENJPA;3;6dff15b02f9dfad0424932d6940ec69ecf33b98c;1;1;1;0.0;3;0;88;NO;8;4;1112;134;133.0;134;NO
OPENJPA;3;600d949140636d03582c919c963bd58a2d27e824;1;1;1;0.0;24;0;1487;NO;8;2;1112;133;132.0;133;YES
OPENJPA;3;9dcdd3a35d12192efff07ca0eef80578ca7659c9;1;1;1;0.0;2;0;732;NO;8;88;1112;132;131.0;132;NO
OPENJPA;3;d85fbdee04a52287feddf4bb628b0d48d16a2bc2;1;1;1;0.0;1;0;1486;NO;8;0;1112;131;130.0;131;YES
OPENJPA;3;7b91f912736827bfa84787a725889889a5ba90f7;1;1;1;0.0;60;0;1426;NO;8;1;1112;130;129.0;130;YES
OPENJPA;3;db174a951274655dd18c63ad7d36a75124949e01;1;1;1;0.0;0;0;1426;NO;8;0;1112;129;128.0;129;YES
OPENJPA;3;770abf1aa83527c77a1ed984246d55376f68533e;1;1;1;0.0;15;0;1411;NO;8;0;1112;128;127.0;128;YES
OPENJPA;3;e54b0c19086fdbc764e6ea67c86251021bf11b8e;2;4;40;2.4567016381239095;2886;2425;850;NO;8;116;1112;126;125.0;126;YES
OPENJPA;3;db25f08565e48ea639e9c7dcf5feb6905efc5d30;1;1;1;0.0;0;0;271;NO;8;98;1112;23;22.0;23;NO
OPENJPA;3;4a03860c2f4dab8a169bf6968e23d91795d42f55;1;1;1;0.0;4;0;135;NO;8;139;1112;22;21.0;22;YES
OPENJPA;3;ee33aa7af3ed765aee95e38773b042c1e5194fbe;1;1;1;0.0;4;0;186;NO;8;0;1112;125;124.0;125;YES
OPENJPA;3;87dc2aad7c2a8f11639dc0b4f875137728b93a65;1;1;1;0.0;21;0;165;NO;8;139;1112;123;122.0;123;NO
OPENJPA;3;b8710bea03a9354dbbb6bed2a23a50d6d4dd46c9;1;2;2;0.5465608892227313;0;0;1123;NO;8;0;1112;1;0.0;1;YES
OPENJPA;3;eb9a626945d62e44112259e777f54db833063682;1;1;1;0.0;4;0;120;NO;7;138;973;139;138.0;139;NO
OPENJPA;3;dbcdfb9ff98a38845ce0e89daf3a6b848e682281;1;1;1;0.0;2;0;182;NO;7;117;966;17;16.0;17;YES
OPENJPA;3;970f6476220315a836c71641d2b262b6e7b959a3;2;3;3;1.2743617455098688;18;0;1123;NO;7;81;966;16;15.0;16;YES
OPENJPA;3;ca45e3292a7520b58bf31adf2b4ac099ce6416d6;1;1;1;0.0;0;0;4884;NO;7;26;966;138;137.0;138;YES
